Time (s),CH2 (V)
0.0,1.4590668
5e-05,0.98390662
0.0001,0.9624266800000001
0.00015000000000000001,0.6598932399999999
0.0002,0.6479732800000001
0.00025,0.46493330000000005
0.00030000000000000003,0.45103995999999996
0.00035,0.33609330000000004
0.0004,0.33479996
0.00045000000000000004,0.25629332
0.0005,0.26562663999999997
0.00055,0.21159995999999998
0.0006000000000000001,0.22245330000000002
0.0006500000000000001,0.17995997999999996
0.0007,0.19144
0.00075,0.15782661999999997
0.0008,0.17582664
0.0008500000000000001,0.14762664
0.0009000000000000001,0.15543998
0.00095,0.14047998
0.001,0.14502664
0.0010500000000000002,0.14133334
0.0011,0.14590664
0.00115,0.14048
0.0012000000000000001,0.13418668
0.00125,0.13874664
0.0013000000000000002,0.13546666
0.00135,0.13940002
0.0014,0.13548
0.0014500000000000001,0.1346133
0.0015,0.12963998000000002
0.0015500000000000002,0.14329329999999998
0.0016,0.14697334
0.00165,0.12637331999999998
0.0017000000000000001,0.12485332
0.00175,0.13873333999999998
0.0018000000000000002,0.12897332
0.00185,0.13853332000000002
0.0019,0.14002664
0.0019500000000000001,0.12572
0.002,0.13611995999999998
0.00205,0.13309334
0.0021000000000000003,0.14220000000000002
0.00215,0.13048
0.0022,0.12702664
0.0022500000000000003,0.14372
0.0023,0.14265336
0.00235,0.12790666
0.0024000000000000002,0.13591998
0.00245,0.13201332000000002
0.0025,0.13959998
0.00255,0.13506666
0.0026000000000000003,0.13049332
0.00265,0.13809334
0.0027,0.13137332
0.0027500000000000003,0.13569332
0.0028,0.14396
0.00285,0.12853330000000002
0.0029000000000000002,0.13113329999999998
0.00295,0.13678664
0.003,0.12787998
0.00305,0.14504002
0.0031000000000000003,0.14849331999999998
0.00315,0.12311997999999999
0.0032,0.12529331999999999
0.0032500000000000003,0.13809332000000002
0.0033,0.13245331999999999
0.00335,0.13634668
0.0034000000000000002,0.13567998
0.0034500000000000004,0.13114668000000002
0.0035,0.13027996000000003
0.00355,0.14394666
0.0036000000000000003,0.14546666000000003
0.00365,0.12248
0.0037,0.13157333999999998
0.0037500000000000003,0.13678666
0.0038,0.12182664000000001
0.00385,0.15110664
0.0039000000000000003,0.13809336
0.00395,0.13353332
0.004,0.12118663999999998
0.00405,0.14806666
0.0041,0.15259998
0.00415,0.12225332
0.004200000000000001,0.14090666
0.00425,0.12745334
0.0043,0.13243999999999997
0.004350000000000001,0.1378933
0.0044,0.12681334
0.00445,0.13049331999999997
0.0045000000000000005,0.14264
0.00455,0.12507998
0.0046,0.12702663999999997
0.0046500000000000005,0.14132
0.0047,0.12681331999999998
0.00475,0.14048
0.0048000000000000004,0.13330667999999998
0.00485,0.21051996
0.0049,0.21919998000000002
0.00495,0.70238668
0.005,0.7377465400000001
0.005050000000000001,1.2159600000000002
0.0051,1.2339600000000002
0.00515,1.5627462
0.005200000000000001,1.5770398
0.00525,1.7455731999999997
0.0053,1.7423066000000003
0.005350000000000001,1.8641866
0.0054,1.8689595999999997
0.00545,1.9674264000000001
0.0055000000000000005,1.9554934000000004
0.00555,2.0095066
0.0056,2.0001732
0.0056500000000000005,2.0079732
0.0057,1.9967066
0.00575,2.0524398000000006
0.0058000000000000005,2.0409464
0.00585,2.0754266
0.0059,2.0678398
0.00595,2.0927865999999997
0.006,2.0845464
0.006050000000000001,2.0741331999999995
0.0061,2.0804132
0.00615,2.1287864
0.006200000000000001,2.1231464
0.00625,2.1151198
0.0063,2.1179332
0.006350000000000001,2.1352798
0.0064,2.1383196
0.00645,2.1109864000000003
0.006500000000000001,2.1057864
0.00655,2.0214398000000005
0.0066,2.0214266
0.0066500000000000005,2.0494132
0.0067,2.0403198
0.00675,2.0726128
0.0068000000000000005,2.0715332
0.00685,2.0706532
0.006900000000000001,2.0895199999999994
0.0069500000000000004,2.0958134
0.007,2.1064397999999995
0.007050000000000001,2.0932132
0.0071,2.0938664
0.00715,2.060253
0.007200000000000001,2.0760663999999998
0.00725,2.0331196
0.0073,2.0379198
0.007350000000000001,2.0420264
0.0074,2.0498398
0.00745,2.0849734
0.007500000000000001,2.09496
0.00755,2.0852
0.0076,2.0819464000000005
0.0076500000000000005,2.1142396
0.0077,2.1177197999999997
0.00775,2.1224932
0.0078000000000000005,2.1090264000000003
0.007850000000000001,2.0708662
0.0079,2.0758666000000003
0.00795,2.06632
0.008,2.0693463999999997
0.00805,2.0828130000000002
0.0081,2.0765198
0.008150000000000001,2.1422263999999998
0.0082,2.1509066
0.00825,2.1352934
0.0083,2.1313732
0.00835,2.0598132
0.008400000000000001,2.0515732
0.008450000000000001,2.0797598
0.0085,2.0730532
0.00855,2.0470132
0.0086,2.0537462
0.00865,2.0819334
0.008700000000000001,2.0819333999999996
0.00875,2.0752131999999994
0.0088,2.068053
0.00885,2.0327064
0.0089,2.0355198000000003
0.00895,2.0890929999999996
0.009000000000000001,2.0973332
0.00905,2.0687065999999996
0.0091,2.0697996
0.00915,2.0359732
0.0092,2.0385596
0.009250000000000001,2.0203466
0.009300000000000001,2.0079864
0.00935,2.0233862
0.0094,2.0179596
0.00945,2.086053
0.0095,2.0877996000000003
0.009550000000000001,2.06632
0.009600000000000001,2.0526664
0.00965,2.0797866
0.0097,2.0884532
0.00975,2.110133
0.0098,2.1032
0.009850000000000001,2.0151198
0.0099,2.0170934000000003
0.00995,1.5102666
0.01,1.4772934
0.01005,0.9988666799999999
0.010100000000000001,0.9689332
0.010150000000000001,0.6592532600000001
0.0102,0.65837328
0.01025,0.46557329999999997
0.0103,0.46599994
0.01035,0.33783996000000005
0.010400000000000001,0.33327996
0.010450000000000001,0.25931998
0.0105,0.26127996
0.01055,0.21031996
0.0106,0.21941329999999998
0.01065,0.17929330000000002
0.010700000000000001,0.19251997999999998
0.010750000000000001,0.15868
0.0108,0.17604
0.01085,0.14785330000000002
0.0109,0.15457334
0.01095,0.15022666
0.011000000000000001,0.13829334
0.01105,0.15154664
0.0111,0.15325332
0.01115,0.13287998
0.0112,0.14545332
0.011250000000000001,0.12962664
0.011300000000000001,0.13982666000000002
0.01135,0.13742664
0.0114,0.13809336
0.01145,0.13288
0.0115,0.13852
0.011550000000000001,0.12855999999999998
0.011600000000000001,0.14329329999999998
0.01165,0.12638666
0.0117,0.12854665999999998
0.01175,0.13397331999999998
0.0118,0.12703998
0.011850000000000001,0.14306664
0.0119,0.12421332
0.01195,0.14371998
0.012,0.12225333999999999
0.01205,0.14631998
0.012100000000000001,0.12312000000000001
0.012150000000000001,0.14870664
0.0122,0.12117332
0.01225,0.14329332
0.0123,0.13918666000000002
0.01235,0.13245334
0.012400000000000001,0.1292
0.012450000000000001,0.13787997999999999
0.0125,0.12658664
0.01255,0.14242665999999998
0.0126,0.14090664
0.01265,0.12593332
0.012700000000000001,0.13093333999999998
0.012750000000000001,0.13354667999999997
0.0128,0.12292
0.01285,0.14676
0.0129,0.1402533
0.012950000000000001,0.12314664
0.013000000000000001,0.13590666
0.01305,0.12898668
0.0131,0.13787998
0.01315,0.13570668
0.0132,0.13263995999999997
0.013250000000000001,0.13635998
0.013300000000000001,0.11879998
0.01335,0.15066662
0.0134,0.12530666
0.01345,0.14154664
0.0135,0.12333332
0.013550000000000001,0.14850666
0.013600000000000001,0.14590664000000003
0.01365,0.12508
0.0137,0.11966666
0.01375,0.14481333999999998
0.013800000000000002,0.13006663999999998
0.013850000000000001,0.13591998
0.013900000000000001,0.13137334
0.01395,0.12898668
0.014,0.13070664
0.01405,0.13658664
0.014100000000000001,0.13158666
0.014150000000000001,0.13722668
0.0142,0.12508
0.01425,0.14090668
0.0143,0.13332
0.01435,0.13201334
0.014400000000000001,0.13982668
0.014450000000000001,0.12226666
0.0145,0.124
0.01455,0.13853332000000002
0.0146,0.14610666
0.014650000000000002,0.11857331999999998
0.014700000000000001,0.12941334
0.014750000000000001,0.13439998
0.0148,0.13093332
0.01485,0.2040133
0.0149,0.21269330000000003
0.014950000000000001,0.7423065600000001
0.015000000000000001,0.7676799
0.015050000000000001,1.21919998
0.0151,1.2387202
0.01515,1.5681600000000002
0.0152,1.5792131999999999
0.015250000000000001,1.7596530000000001
0.015300000000000001,1.7527198
0.01535,1.8411998
0.0154,1.8446930000000001
0.01545,1.9555066
0.0155,1.9513863999999999
0.015550000000000001,1.9596133999999998
0.015600000000000001,1.9633195999999997
0.01565,2.0600397999999998
0.015700000000000002,2.0591732
0.01575,2.1031864
0.0158,2.0921332
0.01585,2.137453
0.0159,2.1240266
0.015950000000000002,2.1322668
0.016,2.1344266
0.016050000000000002,2.1060132000000005
0.0161,2.0925596
0.01615,2.122933
0.0162,2.1183734000000003
0.01625,2.0854134
0.016300000000000002,2.0752132
0.01635,2.0550395999999997
0.0164,2.0661198
0.01645,2.1337732000000003
0.0165,2.1417864
0.016550000000000002,2.1391998
0.0166,2.1346397999999995
0.01665,2.1582798000000003
0.0167,2.1647863999999997
0.01675,2.1725998
0.016800000000000002,2.1526398
0.01685,2.10408
0.016900000000000002,2.1118799999999998
0.01695,2.11924
0.017,2.12596
0.01705,2.08
0.0171,2.0869198
0.017150000000000002,2.0788932
0.0172,2.0773866
0.01725,2.0582932
0.0173,2.0385731999999996
0.01735,2.0776
0.017400000000000002,2.0756532
0.01745,2.11208
0.0175,2.1077465999999996
0.01755,2.1220532
0.0176,2.1170929999999997
0.017650000000000002,2.135293
0.0177,2.133333
0.017750000000000002,2.1116534
0.0178,2.1055734
0.01785,2.0914798
0.0179,2.1040532
0.01795,2.1049196
0.018000000000000002,2.1198797999999996
0.01805,2.0760666
0.0181,2.07912
0.01815,2.0695732000000002
0.0182,2.0687066
0.018250000000000002,2.0901862
0.0183,2.0925865999999997
0.01835,2.08432
0.0184,2.1012532
0.01845,2.0719732
0.018500000000000003,2.0554930000000002
0.01855,2.0713196
0.018600000000000002,2.0661196
0.01865,2.0919066
0.0187,2.0849734
0.01875,2.0947332
0.0188,2.0994930000000003
0.018850000000000002,2.1016666
0.0189,2.0981996
0.01895,2.1441866000000003
0.019,2.1485198000000003
0.01905,2.1090398
0.019100000000000002,2.1101330000000003
0.01915,2.1083998
0.019200000000000002,2.1211866
0.01925,2.0921466000000004
0.0193,2.1031866
0.019350000000000003,2.053093
0.0194,2.0576532
0.019450000000000002,2.1001466
0.0195,2.0986396
0.01955,2.0741196000000004
0.0196,2.0726266
0.01965,2.0801996000000003
0.019700000000000002,2.0832398000000003
0.01975,2.0841064000000005
0.0198,2.0955998
0.01985,1.9795729999999998
0.0199,1.9865065999999998
0.019950000000000002,1.4939997999999999
0.02,1.4638531999999997
0.020050000000000002,0.9878000199999999
0.0201,0.96438676
0.02015,0.6607599399999999
0.020200000000000003,0.64970658
0.02025,0.46319996
0.020300000000000002,0.46318664
0.02035,0.33846664000000004
0.0204,0.3402133
0.02045,0.25953332
0.0205,0.26257332
0.020550000000000002,0.21225329999999998
0.0206,0.21856
0.02065,0.17733334
0.0207,0.18123998
0.02075,0.16150664
0.020800000000000003,0.17863997999999998
0.02085,0.14610668
0.020900000000000002,0.15847999999999998
0.02095,0.14090666000000002
0.021,0.14741332
0.021050000000000003,0.14089332000000002
0.0211,0.14307998
0.021150000000000002,0.13851998
0.0212,0.12702668
0.02125,0.14502663999999998
0.0213,0.13005334
0.02135,0.14286665999999998
0.021400000000000002,0.12810667999999997
0.02145,0.13873332
0.021500000000000002,0.124
0.02155,0.14263998
0.0216,0.14611998
0.021650000000000003,0.12918666
0.0217,0.12702665999999999
0.021750000000000002,0.14090666000000002
0.0218,0.14242665999999998
0.02185,0.12313331999999999
0.0219,0.12962668
0.02195,0.13678666
0.022000000000000002,0.13505331999999998
0.02205,0.12964
0.0221,0.14395998
0.02215,0.12853332
0.0222,0.14111996
0.022250000000000002,0.1252933
0.0223,0.13591998
0.022350000000000002,0.13981332
0.0224,0.13202668
0.02245,0.1372133
0.022500000000000003,0.1292
0.02255,0.14589333999999998
0.022600000000000002,0.14026664000000003
0.02265,0.13482666000000001
0.0227,0.13376
0.02275,0.13482668
0.0228,0.13310664
0.022850000000000002,0.13635998
0.0229,0.1398133
0.02295,0.12552
0.023,0.13723996
0.02305,0.13418665999999999
0.023100000000000002,0.142
0.02315,0.13396
0.023200000000000002,0.1252933
0.02325,0.14350666
0.0233,0.13461331999999998
0.023350000000000003,0.14178665999999998
0.0234,0.14197332
0.023450000000000002,0.12486663999999999
0.0235,0.13418663999999997
0.02355,0.13765332
0.0236,0.13961331999999999
0.02365,0.13158664
0.023700000000000002,0.12811998
0.02375,0.14394668
0.0238,0.13375998
0.02385,0.1391733
0.0239,0.14350664
0.023950000000000003,0.13613332
0.024,0.13462666
0.024050000000000002,0.13982664
0.0241,0.13894666
0.02415,0.13722664
0.024200000000000003,0.12918664
0.02425,0.14394666
0.024300000000000002,0.12486665999999999
0.02435,0.14957327999999998
0.0244,0.14112
0.02445,0.12897332
0.0245,0.13438666
0.024550000000000002,0.13787999999999997
0.0246,0.12939995999999998
0.024650000000000002,0.13894666
0.0247,0.13699998
0.02475,0.13222666
0.024800000000000003,0.13506665999999998
0.02485,0.19143998
0.024900000000000002,0.20097331999999998
0.02495,0.6937332399999999
0.025,0.7262532599999999
0.025050000000000003,1.2161602
0.0251,1.2348134
0.025150000000000002,1.5388932
0.0252,1.5495200000000002
0.02525,1.7392662
0.0253,1.7464266
0.02535,1.88936
0.025400000000000002,1.8932398
0.02545,2.0029866000000003
0.025500000000000002,1.9871596
0.02555,2.03444
0.0256,2.022733
0.025650000000000003,2.0853998000000002
0.0257,2.0749866
0.025750000000000002,2.0372665999999997
0.0258,2.0420266
0.02585,2.0676264
0.025900000000000003,2.0678398000000002
0.02595,2.0936396
0.026000000000000002,2.0775998
0.02605,2.0726132
0.0261,2.0652399999999997
0.02615,2.0324929999999997
0.0262,2.0355198000000003
0.026250000000000002,2.0743596
0.0263,2.0624264
0.026350000000000002,2.0624132
0.0264,2.0567862
0.02645,2.0936397999999996
0.026500000000000003,2.0936664
0.02655,2.0830266
0.026600000000000002,2.0810794
0.02665,2.1040530000000004
0.0267,2.0899464
0.026750000000000003,2.1083998
0.0268,2.1027598000000003
0.026850000000000002,2.107533
0.0269,2.1033999999999997
0.02695,2.1159861999999996
0.027,2.111213
0.02705,2.0444264
0.027100000000000003,2.0313998
0.02715,2.0348800000000002
0.027200000000000002,2.0346534
0.02725,2.0313996
0.0273,2.0283729999999998
0.027350000000000003,2.0327198
0.0274,2.0335729999999996
0.027450000000000002,2.0825864
0.0275,2.0784796
0.02755,2.092133
0.027600000000000003,2.0819332
0.02765,2.1055732
0.027700000000000002,2.1181466
0.02775,2.1053466
0.027800000000000002,2.1055732000000003
0.02785,2.0732534
0.0279,2.0914800000000002
0.027950000000000003,2.0567863999999996
0.028,2.0511464
0.028050000000000002,2.0643599999999998
0.0281,2.0689332
0.02815,2.0877864
0.028200000000000003,2.0925730000000002
0.02825,2.094293
0.028300000000000002,2.0882397999999998
0.02835,2.0801998
0.0284,2.0841062
0.028450000000000003,2.0483198000000002
0.0285,2.0589464
0.028550000000000002,2.0303198
0.0286,2.0307732
0.028650000000000002,2.0652266
0.0287,2.0602532
0.02875,2.0461466000000006
0.028800000000000003,2.0368268
0.02885,2.01472
0.028900000000000002,2.0363995999999998
0.02895,2.0225196
0.029,2.0216528
0.029050000000000003,2.0038663999999997
0.0291,1.9969331999999997
0.029150000000000002,2.0151196000000002
0.0292,2.0138398
0.02925,2.036173
0.029300000000000003,2.0179596
0.02935,2.0025732
0.029400000000000003,1.9990929999999998
0.02945,2.0233864
0.029500000000000002,2.0270666
0.02955,2.0177329999999998
0.0296,2.0129864
0.029650000000000003,2.0502797999999998
0.0297,2.041173
0.029750000000000002,2.0765328
0.0298,2.0769596
0.02985,2.0103733999999998
0.029900000000000003,2.0108
0.02995,1.5206668
0.030000000000000002,1.48596
0.03005,0.99583984
0.030100000000000002,0.9737199000000001
0.03015,0.6668266
0.0302,0.6590132799999999
0.030250000000000003,0.46359996
0.0303,0.4581866
0.030350000000000002,0.34043996
0.0304,0.33999998000000003
0.03045,0.25737328
0.030500000000000003,0.26994666000000006
0.03055,0.21485332000000001
0.030600000000000002,0.22245331999999998
0.03065,0.18015998000000003
0.0307,0.18752000000000002
0.030750000000000003,0.15890666
0.0308,0.1754
0.030850000000000002,0.14807998
0.0309,0.15977333999999999
0.030950000000000002,0.14222666
0.031,0.15326666
0.03105,0.13722666
0.031100000000000003,0.15457332
0.03115,0.12897332
0.031200000000000002,0.14805332
0.03125,0.13071998
0.0313,0.13810666
0.03135,0.14199998
0.031400000000000004,0.14241334
0.03145,0.12765332000000001
0.0315,0.14090666000000002
0.03155,0.13330666
0.0316,0.13831999999999997
0.031650000000000005,0.13288002
0.0317,0.13309332000000001
0.03175,0.14133333999999997
0.0318,0.13418665999999999
0.03185,0.14089334
0.031900000000000005,0.12941332
0.03195,0.13895999999999997
0.032,0.13526666
0.03205,0.13614666
0.032100000000000004,0.1344
0.032150000000000005,0.14026666
0.0322,0.14026661999999998
0.03225,0.13071998
0.0323,0.1389733
0.032350000000000004,0.13502664
0.0324,0.13722668
0.03245,0.13310666
0.0325,0.12962666
0.03255,0.14543995999999998
0.032600000000000004,0.14459998
0.03265,0.12920002
0.0327,0.13354667999999997
0.03275,0.13179999999999997
0.0328,0.13289332
0.032850000000000004,0.13787997999999999
0.0329,0.14221331999999998
0.03295,0.12681332
0.033,0.13981333999999998
0.03305,0.13225331999999998
0.033100000000000004,0.13224
0.03315,0.13699998
0.0332,0.13073332
0.03325,0.13526668
0.0333,0.1465333
0.033350000000000005,0.12919998000000002
0.0334,0.13960002
0.03345,0.12421332
0.0335,0.14481332
0.03355,0.12769334
0.033600000000000005,0.13699999999999998
0.03365,0.13266666
0.0337,0.13353332
0.03375,0.13593334
0.033800000000000004,0.12463996
0.033850000000000005,0.14263998
0.0339,0.14568
0.03395,0.12030663999999999
0.034,0.13678664
0.034050000000000004,0.13114668
0.0341,0.13699997999999997
0.03415,0.13418666
0.0342,0.13266667999999998
0.03425,0.13786664
0.034300000000000004,0.13850666
0.03435,0.13981334
0.0344,0.13829332
0.03445,0.13332001999999998
0.0345,0.13765332
0.034550000000000004,0.13483998
0.0346,0.14372000000000001
0.03465,0.12746665999999998
0.0347,0.14198666
0.03475,0.12702666
0.034800000000000005,0.12290665999999999
0.03485,0.2064
0.0349,0.20379998000000002
0.03495,0.70305334
0.035,0.7351466799999999
0.035050000000000005,1.2072800000000001
0.0351,1.2313466
0.03515,1.5156932
0.0352,1.5288932
0.035250000000000004,1.7193197999999998
0.035300000000000005,1.7240796
0.03535,1.82776
0.0354,1.831013
0.03545,1.9420530000000003
0.035500000000000004,1.9292664000000002
0.03555,1.9945466000000003
0.0356,1.981533
0.03565,2.0335732
0.0357,2.0474532000000005
0.035750000000000004,2.0446264
0.0358,2.0333464
0.03585,1.9808796000000002
0.0359,1.9973598
0.03595,2.0107995999999995
0.036000000000000004,2.0246932
0.03605,2.0142796
0.0361,2.0194796
0.03615,2.0303198
0.0362,2.0203464
0.036250000000000004,2.0522264
0.0363,2.0435597999999997
0.03635,2.0006
0.0364,2.0023596
0.03645,2.0689332000000005
0.036500000000000005,2.0563464000000002
0.03655,2.0867066000000003
0.0366,2.0680662
0.03665,2.0567866
0.0367,2.059813
0.036750000000000005,2.0680666
0.0368,2.058093
0.03685,2.0687197999999998
0.0369,2.0801996
0.036950000000000004,2.1107732
0.037000000000000005,2.1044928
0.03705,2.0784664000000004
0.0371,2.0799864
0.03715,2.1107731999999997
0.037200000000000004,2.1153332
0.03725,2.1198798
0.0373,2.1129597999999996
0.03735,2.1092799999999996
0.0374,2.1159866000000003
0.037450000000000004,2.1495996000000006
0.0375,2.1433198
0.03755,2.086053
0.0376,2.0836666
0.03765,2.0687197999999998
0.037700000000000004,2.0684934
0.03775,2.0647998000000003
0.0378,2.0786930000000003
0.03785,2.0765066
0.0379,2.0778134
0.037950000000000005,2.117733
0.038,2.1133866
0.03805,2.0671998
0.0381,2.0808532
0.03815,2.0524398
0.038200000000000005,2.0561333999999998
0.03825,2.0385598000000003
0.0383,2.0385730000000004
0.03835,2.0522131999999997
0.038400000000000004,2.0563464
0.038450000000000005,2.04204
0.0385,2.0467998
0.03855,2.0277198000000003
0.0386,2.0311864
0.038650000000000004,2.105573
0.038700000000000005,2.1066665999999996
0.03875,2.0990664
0.0388,2.08172
0.03885,2.0793332
0.038900000000000004,2.0743464
0.03895,2.0999464000000003
0.039,2.09452
0.03905,2.0615464
0.0391,2.0654396000000004
0.039150000000000004,2.0519998
0.0392,2.0550395999999997
0.03925,2.0329197999999997
0.0393,2.0346532
0.03935,2.0242396000000005
0.039400000000000004,2.0275064
0.03945,2.0146932
0.0395,2.0055998
0.03955,2.0585063999999997
0.0396,2.0637064
0.039650000000000005,2.0368266
0.0397,2.04984
0.03975,2.0309597999999998
0.0398,2.0314
0.039850000000000003,1.9828395999999997
0.039900000000000005,1.9815198000000003
0.03995,1.4963864
0.04,1.4712134
0.04005,0.9847600199999998
0.040100000000000004,0.9645866399999999
0.040150000000000005,0.6575065999999999
0.0402,0.65338658
0.04025,0.4673066199999999
0.0403,0.45841328
0.040350000000000004,0.33674664
0.040400000000000005,0.33631996
0.04045,0.26125332
0.0405,0.26258664
0.04055,0.20705330000000002
0.040600000000000004,0.22114664
0.04065,0.17602662
0.0407,0.18275999999999998
0.04075,0.16258668
0.0408,0.17343998
0.040850000000000004,0.14264002000000003
0.0409,0.15738666
0.04095,0.1396
0.041,0.14308
0.04105,0.1484933
0.041100000000000005,0.14415997999999997
0.04115,0.13852
0.0412,0.14047996
0.04125,0.1376533
0.0413,0.13983998
0.041350000000000005,0.13549331999999997
0.0414,0.14329334
0.04145,0.12399998000000001
0.0415,0.1396133
0.041550000000000004,0.13179999999999997
0.041600000000000005,0.13461331999999998
0.04165,0.13786666
0.0417,0.12486663999999999
0.04175,0.14002668
0.041800000000000004,0.13614666
0.041850000000000005,0.13115997999999998
0.0419,0.13636
0.04195,0.13137332
0.042,0.12356
0.042050000000000004,0.14241331999999998
0.042100000000000005,0.13526668
0.04215,0.1318
0.0422,0.13526666
0.04225,0.13635999999999998
0.042300000000000004,0.13722665999999997
0.04235,0.13917333999999998
0.0424,0.13549332
0.04245,0.13809332000000002
0.0425,0.13722666
0.042550000000000004,0.13225334
0.0426,0.13288000000000003
0.04265,0.14025333999999998
0.0427,0.137
0.04275,0.13157336
0.042800000000000005,0.13613329999999998
0.04285,0.13721332
0.0429,0.13571998000000002
0.04295,0.13181333999999997
0.043000000000000003,0.12289332
0.043050000000000005,0.14827997999999998
0.0431,0.14285332
0.04315,0.12486665999999999
0.0432,0.13418665999999999
0.043250000000000004,0.13787997999999999
0.043300000000000005,0.12724
0.04335,0.14198666
0.0434,0.14525334
0.04345,0.11922666
0.043500000000000004,0.12745334000000003
0.043550000000000005,0.14697330000000003
0.0436,0.13938667999999999
0.04365,0.13461331999999998
0.0437,0.12117333999999999
0.043750000000000004,0.14265332
0.0438,0.13482663999999997
0.04385,0.13766667999999999
0.0439,0.13505333999999997
0.04395,0.13049334
0.044000000000000004,0.12334666000000001
0.04405,0.13830665999999997
0.0441,0.13917332
0.04415,0.13137332000000002
0.0442,0.13050665999999997
0.044250000000000005,0.13657331999999997
0.0443,0.12746666
0.04435,0.14306663999999997
0.0444,0.13526666
0.04445,0.13137332000000002
0.044500000000000005,0.13655997999999997
0.04455,0.12725334
0.0446,0.13873332
0.04465,0.13483998000000003
0.044700000000000004,0.12897335999999998
0.044750000000000005,0.13462665999999998
0.0448,0.12637329999999997
0.04485,0.21095996
0.0449,0.21789332000000003
0.044950000000000004,0.7167066999999999
0.045000000000000005,0.74773332
0.04505,1.2068398
0.0451,1.2287602
0.04515,1.5384533999999999
0.045200000000000004,1.5516932
0.045250000000000005,1.7520664
0.0453,1.7542398
0.04535,1.8782934
0.0454,1.886973
0.045450000000000004,1.9400932000000002
0.0455,1.9355596
0.04555,1.9810932
0.0456,1.9899998
0.04565,2.043973
0.045700000000000005,2.0533200000000003
0.04575,2.04204
0.0458,2.03792
0.04585,2.0949464000000004
0.0459,2.0906134
0.045950000000000005,2.1483065999999997
0.046,2.1424532
0.04605,2.1574131999999997
0.0461,2.1565598
0.046150000000000004,2.1376796000000002
0.046200000000000005,2.145253
0.04625,2.1138134
0.0463,2.1161997999999995
0.04635,2.08736
0.046400000000000004,2.0882264000000004
0.046450000000000005,2.084533
0.0465,2.0886532000000004
0.04655,2.0481064
0.0466,2.0342262
0.046650000000000004,2.0854132
0.046700000000000005,2.0775997999999998
0.04675,2.0843064
0.0468,2.0830266
0.04685,2.117933
0.046900000000000004,2.1133998000000003
0.046950000000000006,2.1287732
0.047,2.1381332
0.04705,2.1083998
0.0471,2.1064529999999997
0.047150000000000004,2.0912664
0.0472,2.0964794
0.04725,2.0903998
0.0473,2.0817330000000003
0.04735,2.0817332
0.047400000000000005,2.0795595999999996
0.04745,2.0782398000000004
0.0475,2.0723998000000003
0.04755,2.0188132
0.0476,2.013413
0.047650000000000005,2.0862798
0.0477,2.0875866
0.04775,2.1066664000000004
0.0478,2.1036266
0.047850000000000004,2.1047196
0.047900000000000005,2.0992798
0.04795,2.0906264
0.048,2.0981998000000006
0.04805,2.0236134000000003
0.048100000000000004,2.0331332
0.048150000000000005,2.0595996
0.0482,2.0673997999999996
0.04825,2.0908262
0.0483,2.0914797999999997
0.048350000000000004,2.0619994000000004
0.048400000000000006,2.0611196
0.04845,2.0567598
0.0485,2.0511332
0.04855,2.0554797999999996
0.048600000000000004,2.0463598000000003
0.048650000000000006,2.0578666
0.0487,2.046373
0.04875,2.0140664
0.0488,2.021
0.048850000000000005,2.0261864
0.0489,2.044213
0.04895,2.0697998
0.049,2.0665332
0.04905,2.044853
0.049100000000000005,2.0452795999999998
0.04915,2.0559065999999997
0.0492,2.0576396
0.04925,2.0431064
0.049300000000000004,2.0327200000000003
0.049350000000000005,2.0667464000000004
0.0494,2.0621997999999997
0.04945,2.0409464
0.0495,2.047013
0.049550000000000004,2.0351063999999996
0.049600000000000005,2.0366132
0.04965,2.0945196
0.0497,2.0999466
0.04975,2.1090530000000003
0.049800000000000004,2.1029866
0.049850000000000005,2.0595866000000003
0.0499,2.0485466
0.04995,1.5386799999999998
0.05,1.5516668
0.050050000000000004,1.04223976
0.050100000000000006,1.0255332799999999
0.05015,0.6959066
0.0502,0.68441328
0.05025,0.4811866
0.050300000000000004,0.47706662
0.050350000000000006,0.35258664
0.0504,0.35343998
0.05045,0.26386664
0.0505,0.27298664
0.050550000000000005,0.21702663999999997
0.0506,0.22850662000000002
0.05065,0.1775733
0.0507,0.18970668000000004
0.05075,0.15954664000000002
0.050800000000000005,0.17345329999999998
0.05085,0.14871998
0.0509,0.16346664000000002
0.05095,0.14285332
0.051000000000000004,0.15153332
0.051050000000000005,0.13678666
0.0511,0.14609332000000003
0.05115,0.13959998
0.0512,0.13656
0.051250000000000004,0.13979998
0.051300000000000005,0.13503998
0.05135,0.1467733
0.0514,0.14782666
0.05145,0.11986664
0.051500000000000004,0.12769332000000003
0.051550000000000006,0.14069331999999998
0.0516,0.14134664
0.05165,0.13438666000000002
0.0517,0.12963998
0.051750000000000004,0.13353332
0.051800000000000006,0.13895998
0.05185,0.13201332000000002
0.0519,0.13006663999999998
0.05195,0.1352533
0.052000000000000005,0.12681331999999998
0.05205,0.1419867
0.0521,0.13917332
0.05215,0.13201333999999998
0.0522,0.13028
0.052250000000000005,0.13722668
0.0523,0.13438664
0.05235,0.13982666
0.0524,0.14414668000000003
0.052450000000000004,0.12810665999999998
0.052500000000000005,0.13439997999999997
0.05255,0.13873333999999998
0.0526,0.14849333999999997
0.05265,0.11943999999999999
0.052700000000000004,0.13202664
0.052750000000000005,0.13721332
0.0528,0.12768
0.05285,0.14786664
0.0529,0.14242662
0.052950000000000004,0.12573334
0.053000000000000005,0.12594668
0.05305,0.14177332
0.0531,0.13961333999999997
0.05315,0.13289334
0.053200000000000004,0.13678664000000001
0.053250000000000006,0.13287998
0.0533,0.14046664
0.05335,0.13268
0.0534,0.12918665999999998
0.053450000000000004,0.13785329999999998
0.053500000000000006,0.13049333999999999
0.05355,0.13591998
0.0536,0.14112
0.05365,0.12725329999999999
0.053700000000000005,0.13223997999999998
0.05375,0.13656
0.0538,0.13634668
0.05385,0.14003997999999998
0.0539,0.13655998
0.053950000000000005,0.13333332
0.054,0.13047999999999998
0.05405,0.13572
0.0541,0.13354666
0.054150000000000004,0.13744
0.054200000000000005,0.13353334
0.05425,0.13309332
0.0543,0.1408933
0.05435,0.13246668
0.054400000000000004,0.14481333999999998
0.054450000000000005,0.11878668
0.0545,0.12594664
0.05455,0.13852002
0.0546,0.14198664
0.054650000000000004,0.12638665999999998
0.054700000000000006,0.13678664000000001
0.05475,0.13028
0.0548,0.1246533
0.05485,0.14719998
0.054900000000000004,0.12723997999999997
0.054950000000000006,0.6310532600000001
0.055,0.6700799199999999
0.05505,1.19232
0.0551,1.2172665999999999
0.055150000000000005,1.5323732
0.055200000000000006,1.5510264
0.05525,1.7598798000000002
0.0553,1.7655332000000001
0.05535,1.8821998
0.055400000000000005,1.8804664
0.05545,1.9685066
0.0555,1.9565998
0.05555,1.9917196000000001
0.055600000000000004,1.9865194000000002
0.055650000000000005,2.0552668
0.0557,2.0524532
0.05575,2.0183866000000004
0.0558,1.9964798000000001
0.055850000000000004,1.9888930000000002
0.055900000000000005,1.9886796
0.05595,2.0550534000000003
0.056,2.0561198000000003
0.05605,2.0810665999999998
0.056100000000000004,2.0743466
0.056150000000000005,2.0517998000000004
0.0562,2.0667598000000003
0.05625,2.0955996
0.0563,2.1003730000000003
0.056350000000000004,2.0821595999999998
0.056400000000000006,2.0867198
0.05645,2.1122929999999998
0.0565,2.1122932000000003
0.05655,2.0893196
0.056600000000000004,2.087133
0.056650000000000006,2.1205464
0.0567,2.1157862
0.05675,2.113613
0.0568,2.1116532
0.056850000000000005,2.0960531999999996
0.056900000000000006,2.0953866000000003
0.05695,2.1400664000000003
0.057,2.1409198000000003
0.057050000000000003,2.1155596
0.057100000000000005,2.1118797999999996
0.05715,2.0810666
0.0572,2.0743598
0.05725,2.0496266000000003
0.057300000000000004,2.0405198
0.057350000000000005,2.0183864
0.0574,2.0173064
0.05745,2.0706664
0.0575,2.0706529999999996
0.057550000000000004,2.0721998
0.057600000000000005,2.0637198000000003
0.05765,2.0869196000000003
0.0577,2.0966797999999995
0.05775,2.0459464
0.057800000000000004,2.0309864000000006
0.057850000000000006,2.0179598
0.0579,2.0253464
0.05795,2.0528798
0.058,2.0526668
0.058050000000000004,2.0253332
0.058100000000000006,2.0337998
0.05815,2.0353065999999997
0.0582,2.0379066000000003
0.05825,2.0838929999999998
0.058300000000000005,2.0713066
0.058350000000000006,2.0511466
0.0584,2.0483333999999997
0.05845,2.1051463999999998
0.0585,2.0984262
0.058550000000000005,2.0567730000000006
0.058600000000000006,2.049613
0.05865,2.0635065999999997
0.0587,2.0674134
0.058750000000000004,2.0459332000000003
0.058800000000000005,2.0424798
0.05885,2.07804
0.0589,2.0682929999999997
0.05895,2.1181596
0.059000000000000004,2.1027598000000003
0.059050000000000005,2.0758662
0.0591,2.0598264
0.05915,2.0624132
0.0592,2.0715332
0.059250000000000004,2.0923596
0.059300000000000005,2.0810664
0.05935,2.1138266
0.0594,2.1077594
0.05945,2.1491864
0.059500000000000004,2.1489598
0.059550000000000006,2.1118797999999996
0.0596,2.0999466
0.05965,2.1548132
0.0597,2.1506796
0.059750000000000004,2.1597999999999997
0.059800000000000006,2.1552398
0.05985,2.1073198
0.0599,2.1315998
0.05995,1.6262800000000002
0.060000000000000005,1.5907198
0.060050000000000006,1.06457338
0.0601,1.03921326
0.06015,0.70759994
0.060200000000000004,0.6987066
0.060250000000000005,0.49181328
0.0603,0.48486662
0.06035,0.35886662
0.0604,0.35734664000000005
0.060450000000000004,0.26539998000000004
0.060500000000000005,0.26994664
0.06055,0.22331998
0.0606,0.22505332
0.06065,0.18233332
0.060700000000000004,0.19058663999999997
0.060750000000000005,0.1591333
0.0608,0.17822664
0.06085,0.14718662
0.0609,0.15847998
0.060950000000000004,0.14025332
0.061000000000000006,0.15651998
0.06105,0.13505334000000002
0.0611,0.15176
0.06115,0.13243997999999998
0.061200000000000004,0.14718665999999997
0.061250000000000006,0.13070663999999999
0.0613,0.14958664000000002
0.06135,0.13245331999999999
0.0614,0.12875998
0.061450000000000005,0.14654664
0.061500000000000006,0.13850666
0.06155,0.13613331999999997
0.0616,0.13245331999999999
0.06165,0.13894666
0.061700000000000005,0.14502664
0.061750000000000006,0.12682664000000002
0.0618,0.14025332
0.06185,0.13331998
0.061900000000000004,0.13482668
0.061950000000000005,0.13485329999999998
0.062,0.1287733
0.06205,0.1445733
0.0621,0.15195996
0.062150000000000004,0.12334665999999998
0.062200000000000005,0.14069334
0.06225,0.12528
0.0623,0.12897331999999997
0.06235,0.14134665999999999
0.062400000000000004,0.13353334
0.062450000000000006,0.13137332
0.0625,0.13137332000000002
0.06255000000000001,0.13613332
0.0626,0.13157332
0.06265,0.13829332
0.0627,0.13763999999999998
0.06275,0.13244
0.06280000000000001,0.12746664
0.06285,0.14241332
0.0629,0.1398133
0.06295,0.12810665999999998
0.063,0.13006663999999998
0.06305000000000001,0.13549333999999996
0.0631,0.14546662
0.06315,0.12549334
0.0632,0.13548
0.06325,0.13265332
0.06330000000000001,0.12897332
0.06335,0.14350665999999998
0.0634,0.13287996
0.06345,0.1387333
0.0635,0.1326533
0.06355000000000001,0.13894668
0.0636,0.14394665999999998
0.06365,0.12985332
0.0637,0.1368
0.06375,0.13136
0.06380000000000001,0.12725331999999998
0.06385,0.14437333999999996
0.0639,0.13201333999999998
0.06395,0.1400533
0.064,0.12226664000000001
0.06405000000000001,0.15111998
0.0641,0.14545332
0.06415,0.12833334
0.06420000000000001,0.12725334
0.06425,0.1417733
0.06430000000000001,0.13115997999999998
0.06435,0.14526661999999999
0.0644,0.13202668
0.06445000000000001,0.13958664
0.0645,0.13309332000000001
0.06455,0.13765332
0.0646,0.15089334
0.06465,0.124
0.06470000000000001,0.13829332
0.06475,0.13114666
0.0648,0.14026666
0.06485,0.1372133
0.0649,0.12745334
0.06495000000000001,0.60435996
0.065,0.6336533
0.06505,1.12964
0.0651,1.1472
0.06515,1.4733868
0.06520000000000001,1.4857334
0.06525,1.6948132
0.0653,1.6885331999999997
0.06535,1.8108666
0.0654,1.8203866000000002
0.06545000000000001,1.8967196000000002
0.0655,1.8956396000000002
0.06555,1.9453065999999999
0.0656,1.9288266
0.06565,2.00648
0.06570000000000001,1.9958264
0.06575,2.0806264
0.0658,2.0819464000000005
0.06585,2.0721732
0.0659,2.0639332
0.06595000000000001,2.0932264
0.066,2.0767332
0.06605,2.068933
0.0661,2.0569998
0.06615,2.0203464
0.06620000000000001,2.0209998
0.06625,2.0828131999999995
0.0663,2.0630663999999994
0.06635,2.0611066
0.0664,2.062853
0.06645000000000001,2.0686928
0.0665,2.074573
0.06655,2.074133
0.0666,2.0691466
0.06665,2.1155597999999998
0.06670000000000001,2.1251064
0.06675,2.1320262
0.0668,2.1274796
0.06685,2.0569998000000003
0.0669,2.0598132
0.06695000000000001,2.0776130000000004
0.067,2.081933
0.06705,2.040293
0.0671,2.0465864000000002
0.06715,2.0600396000000005
0.06720000000000001,2.0691327999999998
0.06725,2.0784666
0.0673,2.0810665999999998
0.06735000000000001,2.050053
0.0674,2.0455064
0.06745000000000001,2.1101330000000003
0.0675,2.1023198
0.06755,2.1060132000000005
0.06760000000000001,2.1018798
0.06765,2.0801998
0.06770000000000001,2.1001596
0.06775,2.1079598
0.0678,2.0981998
0.06785000000000001,2.0639464
0.0679,2.0780398
0.06795,2.1276932000000004
0.068,2.1263864
0.06805,2.0678398000000002
0.06810000000000001,2.06568
0.06815,2.0628398
0.0682,2.0702266
0.06825,2.1003730000000003
0.0683,2.0843332
0.06835000000000001,2.0891064
0.0684,2.0940798
0.06845,2.1296666
0.0685,2.1367998
0.06855,2.1064398
0.06860000000000001,2.1086266
0.06865,2.0493997999999998
0.0687,2.0658664
0.06875,2.056773
0.0688,2.0554796
0.06885000000000001,2.0728400000000002
0.0689,2.0767331999999996
0.06895,2.1159866
0.069,2.1151063999999997
0.06905,2.0630532
0.06910000000000001,2.0585198
0.06915,2.0478929999999997
0.0692,2.0492
0.06925,2.1066532
0.0693,2.0895327999999997
0.06935000000000001,2.0817198
0.0694,2.0806400000000003
0.06945,2.0975464
0.0695,2.1084000000000005
0.06955,2.0999464
0.06960000000000001,2.1008134000000003
0.06965,2.1051332
0.0697,2.1081732000000004
0.06975,2.1253332000000005
0.0698,2.1240132
0.06985000000000001,2.0940796
0.0699,2.1088262
0.06995,1.6137066
0.07,1.5714266
0.07005,1.05179972
0.07010000000000001,1.03378664
0.07015,0.7045465799999999
0.0702,0.6924266
0.07025,0.49223994
0.0703,0.48811994
0.07035000000000001,0.35410664000000003
0.0704,0.35561328
0.07045,0.26605332
0.07050000000000001,0.27494664
0.07055,0.21723996000000004
0.07060000000000001,0.22787996000000002
0.07065,0.18168
0.0707,0.19361332
0.07075000000000001,0.15846668000000003
0.0708,0.17474664
0.07085000000000001,0.15022666
0.0709,0.16107996
0.07095,0.14177332000000004
0.07100000000000001,0.13548
0.07105,0.15414664
0.0711,0.13547998
0.07115,0.14979998
0.0712,0.12463998000000001
0.07125000000000001,0.14783998
0.0713,0.13873332
0.07135,0.14459998
0.0714,0.14869327999999998
0.07145,0.12552000000000002
0.07150000000000001,0.13398664
0.07155,0.13830662
0.0716,0.14589329999999998
0.07165,0.13158668
0.0717,0.13939998
0.07175000000000001,0.13482664
0.0718,0.13658668000000002
0.07185,0.13808
0.0719,0.13871996
0.07195,0.13136
0.07200000000000001,0.13115998
0.07205,0.14329332
0.0721,0.14589332000000002
0.07215,0.12832
0.0722,0.14002666000000002
0.07225000000000001,0.12443997999999998
0.0723,0.13246666
0.07235,0.13893332
0.0724,0.12920002
0.07245,0.13613331999999997
0.07250000000000001,0.1266
0.07255,0.14154664
0.0726,0.13742664
0.07265,0.13091998
0.0727,0.13396
0.07275000000000001,0.12573331999999998
0.0728,0.12594664
0.07285,0.14394667999999997
0.0729,0.14067997999999998
0.07295,0.12703998
0.07300000000000001,0.13853332
0.07305,0.13223999999999997
0.0731,0.14631999999999998
0.07315,0.12225334000000002
0.0732,0.13526668
0.07325000000000001,0.13116
0.0733,0.13549329999999998
0.07335,0.13722664
0.0734,0.13201332
0.07345,0.13613331999999997
0.07350000000000001,0.11965332
0.07355,0.14718665999999997
0.0736,0.13959998
0.07365000000000001,0.13246668
0.0737,0.12291999999999999
0.07375000000000001,0.13807998
0.0738,0.13786663999999998
0.07385,0.13395996000000002
0.07390000000000001,0.14589333999999998
0.07395,0.12031997999999999
0.07400000000000001,0.11770668
0.07405,0.14828001999999998
0.0741,0.13657332
0.07415000000000001,0.13483998
0.0742,0.13027998
0.07425000000000001,0.13591999999999999
0.0743,0.12962665999999998
0.07435,0.14350665999999998
0.07440000000000001,0.12723999999999996
0.07445,0.13482664
0.0745,0.12355998000000001
0.07455,0.14677334000000003
0.0746,0.14437334000000002
0.07465000000000001,0.12877332
0.0747,0.13462668
0.07475,0.13242662
0.0748,0.12898665999999998
0.07485,0.14914666
0.07490000000000001,0.13047999999999998
0.07495,0.67051994
0.075,0.7084666000000001
0.07505,1.1812532
0.0751,1.2044532
0.07515000000000001,1.5260934000000002
0.0752,1.5401862000000002
0.07525,1.7464397999999999
0.0753,1.7403597999999998
0.07535,1.8188665999999998
0.07540000000000001,1.8242932
0.07545,1.9420264
0.0755,1.9468132
0.07555,1.9953998000000002
0.0756,1.9847730000000001
0.07565000000000001,2.0652397999999996
0.0757,2.057013
0.07575,2.0860396000000003
0.0758,2.0762929999999997
0.07585,2.0637198
0.07590000000000001,2.0572132
0.07595,2.0884397999999997
0.076,2.0912664
0.07605,2.0830264
0.0761,2.0762932000000003
0.07615000000000001,2.0691332
0.0762,2.0780266000000003
0.07625,2.0854134
0.0763,2.0698
0.07635,2.0836664
0.07640000000000001,2.0780128
0.07645,2.0838934
0.0765,2.0867196
0.07655,2.0437598
0.0766,2.0491865999999996
0.07665000000000001,2.0704396
0.0767,2.078253
0.07675,2.0641462
0.07680000000000001,2.0624265999999998
0.07685,2.0251200000000003
0.07690000000000001,2.0327066
0.07695,2.0979732
0.077,2.0827997999999996
0.07705000000000001,2.052453
0.0771,2.068053
0.07715000000000001,2.0813066
0.0772,2.091053
0.07725,2.061973
0.07730000000000001,2.0608931999999998
0.07735,2.0687196
0.07740000000000001,2.0778263999999997
0.07745,2.0485464
0.0775,2.0398664
0.07755000000000001,2.0305332
0.0776,2.0279464000000003
0.07765,2.0259864
0.0777,2.017973
0.07775,2.0672
0.07780000000000001,2.059813
0.07785,2.0622002
0.0779,2.0548398
0.07795,2.07132
0.078,2.0693466000000003
0.07805000000000001,2.0827996000000004
0.0781,2.0821598000000003
0.07815,2.1129466
0.0782,2.1112130000000002
0.07825,2.1034132
0.07830000000000001,2.1010266
0.07835,2.0810798
0.0784,2.1109998000000005
0.07845,2.0823866
0.0785,2.0884397999999997
0.07855000000000001,2.0086398
0.0786,2.0060264
0.07865,2.0034397999999998
0.0787,2.0079732
0.07875,1.9973598
0.07880000000000001,2.0027864
0.07885,2.0036398
0.0789,2.0138264
0.07895,2.0097196
0.079,1.9958398000000002
0.07905000000000001,2.0121066
0.0791,2.0047332
0.07915,2.0227464
0.0792,2.0166532
0.07925,2.0572132000000005
0.07930000000000001,2.0387998
0.07935,2.0778266
0.0794,2.0801996000000003
0.07945,2.0912530000000005
0.0795,2.0886666
0.07955000000000001,2.0090664
0.0796,2.0118932000000003
0.07965,2.0201333999999997
0.07970000000000001,2.0326931999999998
0.07975,2.0658932
0.07980000000000001,2.0535332
0.07985,2.0684932
0.0799,2.0897464
0.07995000000000001,1.5896132
0.08,1.5594932
0.08005000000000001,1.0461464399999998
0.0801,1.0292267000000002
0.08015,0.7013066
0.08020000000000001,0.6854799400000001
0.08025,0.48074664
0.08030000000000001,0.47986661999999997
0.08035,0.35603998
0.0804,0.3519333
0.08045000000000001,0.2686533
0.0805,0.26799998
0.08055000000000001,0.21789329999999998
0.0806,0.22527998
0.08065,0.18233329999999998
0.08070000000000001,0.18689328
0.08075,0.1626133
0.08080000000000001,0.17127997999999997
0.08085,0.15413332000000002
0.0809,0.16433332
0.08095000000000001,0.13590666
0.081,0.14697332000000002
0.08105,0.14221332
0.0811,0.14915998
0.08115,0.14025330000000003
0.08120000000000001,0.13678665999999998
0.08125,0.14111997999999998
0.0813,0.142
0.08135,0.13570666
0.0814,0.14264001999999998
0.08145000000000001,0.12941332
0.0815,0.13701333999999998
0.08155,0.13178664
0.0816,0.14262663999999997
0.08165,0.12658668
0.08170000000000001,0.13050663999999998
0.08175,0.13266668
0.0818,0.12614666000000002
0.08185,0.14113331999999998
0.0819,0.14068
0.08195000000000001,0.12291999999999999
0.082,0.12875997999999997
0.08205,0.13506665999999998
0.0821,0.14306663999999997
0.08215,0.12833334000000002
0.08220000000000001,0.13093333999999998
0.08225,0.14025332
0.0823,0.13135999999999998
0.08235,0.13959998
0.0824,0.14327998
0.08245000000000001,0.1270133
0.0825,0.12617331999999998
0.08255,0.142
0.0826,0.12636
0.08265,0.14330666
0.08270000000000001,0.12421334000000002
0.08275,0.14133334
0.0828,0.11793331999999998
0.08285000000000001,0.14586662
0.0829,0.12942664
0.08295000000000001,0.13614666
0.083,0.1237733
0.08305,0.14458666
0.08310000000000001,0.14090664
0.08315,0.12723999999999996
0.08320000000000001,0.13312
0.08325,0.12854664
0.0833,0.13353334
0.08335000000000001,0.13979996
0.0834,0.13830666
0.08345000000000001,0.13333330000000002
0.0835,0.12074666
0.08355,0.1498
0.08360000000000001,0.15002666
0.08365,0.12073332
0.08370000000000001,0.1316
0.08375,0.13656000000000001
0.0838,0.13786668000000002
0.08385000000000001,0.13657332
0.0839,0.13593332
0.08395000000000001,0.13202664
0.084,0.1335333
0.08405,0.13549334
0.08410000000000001,0.13788
0.08415,0.13026664
0.08420000000000001,0.13245331999999999
0.08425,0.13548
0.0843,0.12810664
0.08435000000000001,0.14415999999999998
0.0844,0.1344
0.08445,0.13178666
0.0845,0.14200001999999998
0.08455,0.12377336000000001
0.08460000000000001,0.14134665999999999
0.08465,0.12637331999999998
0.0847,0.13352
0.08475,0.13091998
0.0848,0.12419997999999999
0.08485000000000001,0.14587996
0.0849,0.11986666000000001
0.08495,0.65207996
0.085,0.6867599200000001
0.08505,1.1892798
0.08510000000000001,1.2083598
0.08515,1.5453866
0.0852,1.5521197999999998
0.08525,1.7418931999999998
0.0853,1.7483866
0.08535000000000001,1.8726667999999997
0.0854,1.8741732
0.08545,1.9962796
0.0855,1.9954132000000002
0.08555,2.0253332
0.08560000000000001,2.0229600000000003
0.08565,2.047453
0.0857,2.0548264000000005
0.08575,2.0461464
0.0858,2.0454934000000002
0.08585000000000001,2.0097198
0.0859,2.0209864
0.08595,2.05396
0.08600000000000001,2.052453
0.08605,2.0832265999999997
0.08610000000000001,2.0786932
0.08615,2.1088266
0.0862,2.1099198
0.08625000000000001,2.0964663999999997
0.0863,2.0964798
0.08635000000000001,2.0908264
0.0864,2.0921329999999996
0.08645,2.1086131999999997
0.08650000000000001,2.1034132
0.08655,2.0726132
0.08660000000000001,2.0628666
0.08665,2.0509332000000002
0.0867,2.059813
0.08675000000000001,2.059173
0.0868,2.0487598
0.08685000000000001,2.0710930000000003
0.0869,2.0606934
0.08695,2.1112262
0.08700000000000001,2.1055732
0.08705,2.064813
0.08710000000000001,2.0591598
0.08715,2.0179466000000006
0.0872,2.0446262
0.08725000000000001,2.0383465999999997
0.0873,2.0270798
0.08735000000000001,2.0248932
0.0874,2.0376931999999996
0.08745,2.06784
0.08750000000000001,2.0556932000000003
0.08755,2.0418264
0.0876,2.0405197999999998
0.08765,2.0806262
0.0877,2.0665332
0.08775000000000001,2.0784665999999996
0.0878,2.0808398
0.08785,2.0808532000000004
0.0879,2.0793464
0.08795,2.0804266
0.08800000000000001,2.0815064
0.08805,2.0218666
0.0881,2.034013
0.08815,2.0700266
0.0882,2.0778266000000003
0.08825000000000001,2.104493
0.0883,2.1073064
0.08835,2.1038531999999996
0.0884,2.1062263999999997
0.08845,2.1138263999999998
0.08850000000000001,2.1149063999999997
0.08855,2.0912797999999997
0.0886,2.0938664
0.08865,2.1068665999999996
0.0887,2.1116398
0.08875000000000001,2.0754263999999996
0.0888,2.0752264
0.08885,2.1079732
0.0889,2.1090662
0.08895,2.1506796
0.08900000000000001,2.145693
0.08905,2.0925599999999998
0.0891,2.0947331999999994
0.08915000000000001,2.0912798
0.0892,2.0886532000000004
0.08925000000000001,2.1125198
0.0893,2.1127468
0.08935,2.0472264000000004
0.08940000000000001,2.05288
0.08945,2.0877863999999997
0.08950000000000001,2.0769461999999996
0.08955,2.0500529999999997
0.0896,2.058733
0.08965000000000001,2.0242532
0.0897,2.0255466
0.08975000000000001,2.0583064
0.0898,2.0719597999999997
0.08985,2.0394264
0.08990000000000001,2.0585198
0.08995,1.5681462
0.09000000000000001,1.5397464
0.09005,1.0296666399999999
0.0901,1.01251984
0.09015000000000001,0.6963199000000001
0.0902,0.6720399199999999
0.09025000000000001,0.47575994
0.0903,0.47271994
0.09035,0.35038664
0.09040000000000001,0.35322664000000004
0.09045,0.26757328
0.09050000000000001,0.26907996
0.09055,0.21833332
0.0906,0.22612000000000002
0.09065000000000001,0.18339998000000002
0.0907,0.19143998
0.09075000000000001,0.16
0.0908,0.17191998000000003
0.09085,0.1530533
0.09090000000000001,0.16519998
0.09095,0.13611998000000003
0.091,0.15999996
0.09105,0.13027998000000002
0.0911,0.14850664
0.09115000000000001,0.13287999999999997
0.0912,0.12962666
0.09125,0.14633332000000002
0.0913,0.14177331999999998
0.09135,0.13766662
0.09140000000000001,0.14090666000000002
0.09145,0.13614663999999999
0.0915,0.12031997999999999
0.09155,0.14633334
0.0916,0.14417336
0.09165000000000001,0.12551998
0.0917,0.12615998
0.09175,0.14417332
0.0918,0.13310666
0.09185,0.13721336
0.09190000000000001,0.1474
0.09195,0.12074665999999998
0.092,0.12508
0.09205,0.14090668
0.0921,0.1330933
0.09215000000000001,0.13982663999999997
0.0922,0.13504
0.09225,0.12984002
0.09230000000000001,0.13224
0.09235,0.13549335999999998
0.09240000000000001,0.12921334
0.09245,0.13635999999999998
0.0925,0.12658666000000002
0.09255000000000001,0.14373332
0.0926,0.13461331999999998
0.09265000000000001,0.14089332
0.0927,0.13222666
0.09275,0.13786666
0.09280000000000001,0.13223997999999998
0.09285,0.14134665999999999
0.09290000000000001,0.14958665999999998
0.09295,0.12270666
0.093,0.13395998
0.09305000000000001,0.13699998
0.0931,0.12897332
0.09315000000000001,0.14459996
0.0932,0.12789334
0.09325,0.13330666
0.09330000000000001,0.12811998
0.09335,0.14438664
0.09340000000000001,0.14155995999999998
0.09345,0.12918664
0.0935,0.14154664
0.09355000000000001,0.12637332
0.0936,0.13157332
0.09365000000000001,0.13678664
0.0937,0.12617333999999997
0.09375,0.13895998
0.09380000000000001,0.13310664
0.09385,0.14265332
0.09390000000000001,0.14264002
0.09395,0.1266
0.094,0.12117331999999999
0.09405000000000001,0.1450133
0.0941,0.142
0.09415,0.12334665999999998
0.0942,0.1344
0.09425,0.13114666000000003
0.09430000000000001,0.12682666
0.09435,0.1472
0.0944,0.14219996000000001
0.09445,0.12505332
0.0945,0.12465334000000002
0.09455000000000001,0.14241330000000002
0.0946,0.14350664
0.09465,0.12702665999999999
0.0947,0.12985332
0.09475,0.13701332
0.09480000000000001,0.13158666
0.09485,0.1376533
0.0949,0.12572002
0.09495,0.64339996
0.095,0.67550658
0.09505000000000001,1.1354934
0.0951,1.15132
0.09515,1.4820668
0.0952,1.5044134
0.09525,1.7243196
0.09530000000000001,1.7351468
0.09535,1.8385998000000001
0.0954,1.8418532000000003
0.09545000000000001,1.956573
0.0955,1.9574396
0.09555000000000001,2.0095066000000004
0.0956,2.0042798
0.09565,2.0758666000000003
0.09570000000000001,2.0758664000000002
0.09575,2.0908264
0.09580000000000001,2.0893065999999996
0.09585,2.0394396
0.0959,2.0357466
0.09595000000000001,2.0615466000000002
0.096,2.0513598
0.09605000000000001,2.0262130000000003
0.0961,2.0233996000000003
0.09615,2.0461464
0.09620000000000001,2.0511466
0.09625,2.0834532
0.09630000000000001,2.0825998
0.09635,2.0947464
0.0964,2.08304
0.09645000000000001,2.1179332
0.0965,2.117053
0.09655000000000001,2.0971198
0.0966,2.0854132
0.09665,2.1038532000000005
0.09670000000000001,2.1094796
0.09675,2.1513332
0.09680000000000001,2.160453
0.09685,2.1268398
0.0969,2.1329067999999998
0.09695000000000001,2.107533
0.097,2.1120932
0.09705000000000001,2.0713064
0.0971,2.0517866
0.09715,2.0628664
0.09720000000000001,2.0697864
0.09725,2.0752134
0.09730000000000001,2.07412
0.09735,2.0799998000000004
0.0974,2.0747866000000004
0.09745000000000001,2.1079466
0.0975,2.1120798
0.09755,2.0474396
0.0976,2.0483198
0.09765,2.0593732
0.09770000000000001,2.0823732
0.09775,2.0808532
0.0978,2.0743465999999997
0.09785,2.0656664
0.0979,2.0660932
0.09795000000000001,2.0749866000000003
0.098,2.0726132
0.09805,2.0630666
0.0981,2.0572264000000002
0.09815,2.0782532
0.09820000000000001,2.1003600000000002
0.09825,2.0379334
0.0983,2.0346666000000004
0.09835,2.0337866
0.0984,2.0342264
0.09845000000000001,2.0654532
0.0985,2.0632798
0.09855,2.0533200000000003
0.09860000000000001,2.0507064
0.09865,2.0914794
0.09870000000000001,2.0841198
0.09875,2.0706664000000004
0.0988,2.0702132000000004
0.09885000000000001,2.0500529999999997
0.0989,2.0446398
0.09895000000000001,2.0615598000000004
0.099,2.057013
0.09905,2.0585066000000003
0.09910000000000001,2.0556931999999994
0.09915,2.073693
0.09920000000000001,2.0836796
0.09925,2.0717597999999997
0.0993,2.0747862
0.09935000000000001,2.0489864
0.0994,2.0628532
0.09945000000000001,2.0702264
0.0995,2.0660932
0.09955,2.01752
0.09960000000000001,2.0207862000000003
0.09965,2.0500396
0.09970000000000001,2.055693
0.09975,2.0483198000000002
0.0998,2.0513730000000003
0.09985000000000001,2.0279332
0.0999,2.0515732
0.09995000000000001,1.5594932
