Time (s),CH2 (V),CH3 (V)
0.0,0.09283333,0.06537999
5e-06,0.09263333,0.06556
1e-05,0.09345333,0.06488
1.5000000000000002e-05,0.09254,0.06582666
2e-05,0.09267332,0.06502666
2.5e-05,0.09346666,0.06592666
3.0000000000000004e-05,0.09265999,0.06587333
3.5000000000000004e-05,0.09353333,0.065
4e-05,0.09350666,0.065
4.5e-05,0.09263333,0.06599333
5e-05,0.09347999,0.06597999
5.5e-05,0.09263333,0.06520666
6.000000000000001e-05,0.09261999,0.06525999
6.500000000000001e-05,0.09347999,0.06629333
7.000000000000001e-05,0.09339999,0.06571999
7.500000000000001e-05,0.09256666,0.06663333
8e-05,0.09338666,0.06671333
8.5e-05,0.09252666,0.06592666
9e-05,0.09247333,0.06660666
9.5e-05,0.09341332,0.06559999
0.0001,0.09341332,0.06625333
0.000105,0.09255332,0.06537999
0.00011,0.09256666,0.06535333
0.000115,0.09341332,0.06612666
0.00012000000000000002,0.09257999,0.06543333
0.000125,0.09338666,0.06630667
0.00013000000000000002,0.09254,0.06564
0.000135,0.09341332,0.06655333
0.00014000000000000001,0.09259333,0.06661999
0.000145,0.09342666,0.06562666
0.00015000000000000001,0.09263333,0.06561333
0.000155,0.09346666,0.06654
0.00016,0.09263333,0.06582666
0.00016500000000000003,0.09349333,0.06658
0.00017,0.09267332,0.06637333
0.00017500000000000003,0.09353333,0.06537999
0.00018,0.09356,0.06605999
0.00018500000000000002,0.09267332,0.06513333
0.00019,0.09349333,0.06592666
0.00019500000000000002,0.09268666,0.06502666
0.0002,0.09349333,0.06497333
0.00020500000000000002,0.09265999,0.06581333
0.00021,0.09264666,0.06512
0.00021500000000000002,0.09353333,0.06614
0.00022,0.09267332,0.06548666
0.00022500000000000002,0.09349333,0.06645333
0.00023,0.09265999,0.06645333
0.00023500000000000002,0.09357332,0.06544666
0.00024000000000000003,0.09265999,0.06558666
0.00024500000000000005,0.09356,0.06646666
0.00025,0.09353333,0.06646666
0.000255,0.09265999,0.06565333
0.00026000000000000003,0.09346666,0.06568
0.00026500000000000004,0.09265999,0.06659333
0.00027,0.09342666,0.06593999
0.000275,0.09257999,0.06679333
0.00028000000000000003,0.09256666,0.06699999
0.00028500000000000004,0.09335999,0.06608666
0.00029,0.09249999,0.06674
0.000295,0.09335999,0.06578666
0.00030000000000000003,0.09338666,0.06645333
0.00030500000000000004,0.09255332,0.06559999
0.00031,0.09260666,0.06565333
0.000315,0.09344,0.06641333
0.00032,0.09337333,0.06570666
0.00032500000000000004,0.09257999,0.06652666
0.00033000000000000005,0.09252666,0.06592666
0.000335,0.09338666,0.06674
0.00034,0.09259333,0.06672666
0.00034500000000000004,0.09344,0.06573333
0.00035000000000000005,0.09263333,0.06573333
0.000355,0.09351999,0.06663333
0.00036,0.09264666,0.06664667
0.00036500000000000004,0.09351999,0.06588666
0.00037000000000000005,0.09268666,0.06643999
0.000375,0.09359333,0.06540667
0.00038,0.09275333,0.06599333
0.00038500000000000003,0.09359333,0.06502666
0.00039000000000000005,0.09354666,0.06595333
0.000395,0.09257999,0.06486666
0.0004,0.09351999,0.06484666
0.00040500000000000003,0.09267332,0.06564
0.00041000000000000005,0.09347999,0.06498666
0.00041500000000000006,0.09268666,0.06599333
0.00042,0.09349333,0.06537999
0.00042500000000000003,0.09267332,0.0664
0.00043000000000000004,0.09351999,0.06638666
0.00043500000000000006,0.09268666,0.06548666
0.00044,0.09357332,0.06561333
0.00044500000000000003,0.09272666,0.06656666
0.00045000000000000004,0.09356,0.06650666
0.00045500000000000006,0.09267332,0.06566666
0.00046,0.09347999,0.06559999
0.000465,0.09265999,0.06654
0.00047000000000000004,0.09346666,0.06588666
0.00047500000000000005,0.09257999,0.06688
0.00048000000000000007,0.09334666,0.06690666
0.000485,0.09254,0.06605999
0.0004900000000000001,0.09252666,0.06676666
0.000495,0.09341332,0.06569333
0.0005,0.09344,0.06630667
0.000505,0.09257999,0.06548666
0.00051,0.09263333,0.0655
0.000515,0.09344,0.06627999
0.0005200000000000001,0.09341332,0.06562666
0.0005250000000000001,0.09256666,0.06637333
0.0005300000000000001,0.09257999,0.06570666
0.000535,0.09345333,0.06649332
0.00054,0.09261999,0.06650666
0.000545,0.09347999,0.06557333
0.00055,0.09349333,0.06556
0.000555,0.09264666,0.06642666
0.0005600000000000001,0.09360666,0.06638666
0.0005650000000000001,0.09268666,0.0655
0.0005700000000000001,0.09275333,0.06616666
0.0005750000000000001,0.09356,0.06514666
0.00058,0.09357332,0.06578666
0.000585,0.09277999,0.06486666
0.00059,0.09357332,0.06570666
0.000595,0.09272666,0.06473999
0.0006000000000000001,0.09353333,0.06467333
0.0006050000000000001,0.09271333,0.06544666
0.0006100000000000001,0.09268666,0.06478
0.0006150000000000001,0.09353333,0.06588666
0.00062,0.0927,0.06528666
0.000625,0.09356,0.06629333
0.00063,0.09273999,0.06625333
0.000635,0.09354666,0.06534
0.00064,0.09361999,0.0655
0.0006450000000000001,0.09273999,0.06633333
0.0006500000000000001,0.0927,0.06642666
0.0006550000000000001,0.09357332,0.06548666
0.0006600000000000001,0.09350666,0.06553333
0.000665,0.09268666,0.06641333
0.00067,0.09341332,0.06574667
0.000675,0.09260666,0.06665999
0.00068,0.09251333,0.06680666
0.0006850000000000001,0.09344,0.06597999
0.0006900000000000001,0.09257999,0.06663333
0.0006950000000000001,0.09339999,0.06566666
0.0007000000000000001,0.09260666,0.06626666
0.000705,0.09345333,0.06546
0.00071,0.09346666,0.06548666
0.000715,0.09263333,0.06633333
0.00072,0.09342666,0.06570666
0.0007250000000000001,0.09256666,0.06660666
0.0007300000000000001,0.09254,0.06582666
0.0007350000000000001,0.09342666,0.06664667
0.0007400000000000001,0.09351999,0.06661999
0.0007450000000000001,0.09256666,0.06568
0.00075,0.09264666,0.06569333
0.000755,0.09347999,0.06655333
0.00076,0.09268666,0.06650666
0.0007650000000000001,0.09350666,0.06558666
0.0007700000000000001,0.09264666,0.06624
0.0007750000000000001,0.09354666,0.06518666
0.0007800000000000001,0.09367333,0.06575999
0.0007850000000000001,0.09275333,0.06484666
0.00079,0.09357332,0.06571999
0.000795,0.09268666,0.06482
0.0008,0.0927,0.06475333
0.000805,0.09351999,0.06564
0.0008100000000000001,0.09268666,0.06506667
0.0008150000000000001,0.09351999,0.06618
0.0008200000000000001,0.09268666,0.06564
0.0008250000000000001,0.09356,0.06667333
0.0008300000000000001,0.0927,0.06661999
0.000835,0.09357332,0.06577333
0.00084,0.09273999,0.06581333
0.000845,0.09357332,0.06659333
0.0008500000000000001,0.09351999,0.06659333
0.0008550000000000001,0.09268666,0.0658
0.0008600000000000001,0.09271333,0.06578666
0.0008650000000000001,0.09351999,0.06658
0.0008700000000000001,0.09346666,0.06591333
0.000875,0.09261999,0.06672666
0.00088,0.09344,0.06677999
0.000885,0.09256666,0.06595333
0.0008900000000000001,0.09259333,0.06668666
0.0008950000000000001,0.09342666,0.06571999
0.0009000000000000001,0.09257999,0.0664
0.0009050000000000001,0.09347999,0.06562666
0.0009100000000000001,0.09341332,0.06577333
0.0009150000000000001,0.09257999,0.06675333
0.00092,0.09344,0.06615333
0.000925,0.09259333,0.06699999
0.00093,0.09257999,0.06638666
0.0009350000000000001,0.09344,0.06713333
0.0009400000000000001,0.09261999,0.06709333
0.0009450000000000001,0.09344,0.06608666
0.0009500000000000001,0.09265999,0.06611333
0.0009550000000000001,0.09349333,0.06693333
0.0009600000000000001,0.09264666,0.06693333
0.000965,0.09351999,0.06600666
0.00097,0.09272666,0.06654
0.0009750000000000001,0.09360666,0.06532666
0.0009800000000000002,0.09357332,0.06596666
0.000985,0.09273999,0.06506667
0.00099,0.09356,0.06587333
0.000995,0.09273999,0.06506667
0.001,0.09272666,0.065
0.001005,0.09350666,0.06603333
0.00101,0.0927,0.06546
0.001015,0.09354666,0.06671333
0.00102,0.09271333,0.06616666
0.001025,0.09354666,0.06726
0.00103,0.09364666,0.06724666
0.0010350000000000001,0.09275333,0.06629333
0.0010400000000000001,0.09357332,0.06717333
0.0010450000000000001,0.09271333,0.06638666
0.0010500000000000002,0.09271333,0.06705333
0.0010550000000000002,0.09356,0.06621333
0.0010600000000000002,0.09350666,0.06701333
0.0010650000000000002,0.09265999,0.06624
0.00107,0.09354666,0.06697333
0.001075,0.09264666,0.06625333
0.00108,0.09338666,0.06708
0.001085,0.09259333,0.06616666
0.00109,0.09339999,0.06690666
0.001095,0.09259333,0.06604666
0.0011,0.09260666,0.06593999
0.001105,0.09344,0.06683333
0.00111,0.09261999,0.0662
0.001115,0.09346666,0.06720666
0.0011200000000000001,0.09261999,0.06660666
0.0011250000000000001,0.09342666,0.06751999
0.0011300000000000001,0.09252666,0.06683333
0.0011350000000000002,0.09345333,0.06755999
0.0011400000000000002,0.09265999,0.0675
0.0011450000000000002,0.09346666,0.06646666
0.0011500000000000002,0.09267332,0.0664
0.001155,0.09351999,0.06731333
0.00116,0.09265999,0.06724666
0.001165,0.09353333,0.06621333
0.00117,0.09271333,0.06680666
0.001175,0.09357332,0.06554666
0.00118,0.09276666,0.06609999
0.001185,0.09363332,0.06507999
0.00119,0.09360666,0.06593999
0.001195,0.09272666,0.06506667
0.0012000000000000001,0.09353333,0.06502666
0.0012050000000000001,0.09265999,0.06599333
0.0012100000000000001,0.09356,0.06540667
0.0012150000000000002,0.09268666,0.06676666
0.0012200000000000002,0.09267332,0.06625333
0.0012250000000000002,0.09356,0.06742
0.0012300000000000002,0.09271333,0.06743333
0.0012350000000000002,0.09361999,0.06663333
0.00124,0.09273999,0.06745999
0.001245,0.09359333,0.06665999
0.00125,0.09359333,0.06728666
0.001255,0.09275333,0.06646666
0.00126,0.09271333,0.06716
0.001265,0.09351999,0.0664
0.00127,0.09353333,0.06706666
0.001275,0.09263333,0.06637333
0.00128,0.09257999,0.06710666
0.0012850000000000001,0.09344,0.06624
0.0012900000000000001,0.09257999,0.06702666
0.0012950000000000001,0.09342666,0.06611333
0.0013000000000000002,0.09264666,0.06608666
0.0013050000000000002,0.09347999,0.06704
0.0013100000000000002,0.09263333,0.06641333
0.0013150000000000002,0.09344,0.06748666
0.0013200000000000002,0.09346666,0.06683333
0.001325,0.09256666,0.06767999
0.00133,0.09344,0.06695999
0.001335,0.09259333,0.06774666
0.00134,0.09350666,0.06755999
0.001345,0.09265999,0.06652666
0.00135,0.09267332,0.06643999
0.001355,0.09351999,0.06728666
0.00136,0.09267332,0.06728666
0.0013650000000000001,0.09351999,0.06615333
0.0013700000000000001,0.09272666,0.06676666
0.0013750000000000001,0.09363332,0.06544666
0.0013800000000000002,0.09361999,0.06605999
0.0013850000000000002,0.09279332,0.06497333
0.0013900000000000002,0.09356,0.06573333
0.0013950000000000002,0.09273999,0.06497333
0.0014000000000000002,0.09272666,0.06491999
0.0014050000000000002,0.09357332,0.06588666
0.00141,0.0927,0.06532666
0.001415,0.09349333,0.06680666
0.00142,0.09272666,0.06624
0.001425,0.09353333,0.06742
0.00143,0.09279332,0.06747333
0.001435,0.09359333,0.06667333
0.00144,0.09277999,0.06742
0.001445,0.09359333,0.06668666
0.0014500000000000001,0.09361999,0.06731333
0.0014550000000000001,0.09272666,0.06648
0.0014600000000000001,0.09357332,0.06709333
0.0014650000000000002,0.09267332,0.06634666
0.0014700000000000002,0.09351999,0.06704
0.0014750000000000002,0.09257999,0.06622666
0.0014800000000000002,0.09261999,0.06704
0.0014850000000000002,0.09344,0.06622666
0.0014900000000000002,0.09260666,0.06686666
0.001495,0.09341332,0.06602
0.0015,0.09261999,0.06595333
0.001505,0.09350666,0.06683333
0.00151,0.09263333,0.06627999
0.001515,0.09345333,0.06743333
0.00152,0.09257999,0.06674
0.001525,0.09350666,0.06766666
0.0015300000000000001,0.09259333,0.06767999
0.0015350000000000001,0.09341332,0.06693333
0.0015400000000000001,0.09264666,0.06754666
0.0015450000000000001,0.09345333,0.06643999
0.0015500000000000002,0.09350666,0.06643999
0.0015550000000000002,0.09259333,0.06720666
0.0015600000000000002,0.09354666,0.06716
0.0015650000000000002,0.09264666,0.06604666
0.0015700000000000002,0.09271333,0.06663333
0.0015750000000000002,0.09366,0.06524666
0.00158,0.09360666,0.0659
0.001585,0.09272666,0.06489333
0.00159,0.09359333,0.06568
0.001595,0.09272666,0.06482
0.0016,0.09267332,0.06490666
0.001605,0.09353333,0.06588666
0.00161,0.09268666,0.06536666
0.0016150000000000001,0.09357332,0.06682
0.0016200000000000001,0.09271333,0.06625333
0.0016250000000000001,0.09353333,0.06751999
0.0016300000000000002,0.09271333,0.06753333
0.0016350000000000002,0.09363332,0.06668666
0.0016400000000000002,0.09359333,0.06744666
0.0016450000000000002,0.09273999,0.06661999
0.0016500000000000002,0.09354666,0.06721999
0.0016550000000000002,0.09273999,0.06637333
0.0016600000000000002,0.0927,0.06708
0.001665,0.09354666,0.06624
0.00167,0.09354666,0.06693333
0.001675,0.09261999,0.06607333
0.00168,0.09339999,0.06682
0.001685,0.09255332,0.06603333
0.00169,0.09341332,0.06665999
0.0016950000000000001,0.09257999,0.06582666
0.0017000000000000001,0.09260666,0.06577333
0.0017050000000000001,0.09345333,0.06665999
0.0017100000000000001,0.09260666,0.06614
0.0017150000000000002,0.09344,0.06729999
0.0017200000000000002,0.09338666,0.06675333
0.0017250000000000002,0.09256666,0.06774666
0.0017300000000000002,0.09255332,0.06777333
0.0017350000000000002,0.09335999,0.06701333
0.0017400000000000002,0.09259333,0.06762666
0.0017450000000000002,0.09341332,0.06658
0.00175,0.09267332,0.06645333
0.001755,0.09345333,0.06724666
0.00176,0.09263333,0.06714666
0.001765,0.09347999,0.06599333
0.00177,0.09264666,0.06650666
0.001775,0.09353333,0.06514666
0.0017800000000000001,0.09354666,0.06581333
0.0017850000000000001,0.09271333,0.06478
0.0017900000000000001,0.09356,0.06569333
0.0017950000000000002,0.09267332,0.06482
0.0018000000000000002,0.09347999,0.06484666
0.0018050000000000002,0.09265999,0.06602
0.0018100000000000002,0.09349333,0.06539333
0.0018150000000000002,0.09264666,0.06694666
0.0018200000000000002,0.0927,0.06645333
0.0018250000000000002,0.09350666,0.06763999
0.0018300000000000002,0.09273999,0.06763999
0.001835,0.09356,0.06682
0.00184,0.09271333,0.06753333
0.001845,0.09353333,0.06660666
0.00185,0.09354666,0.06717333
0.001855,0.0927,0.06645333
0.00186,0.09347999,0.06711999
0.0018650000000000001,0.09264666,0.06624
0.0018700000000000001,0.09344,0.06688
0.0018750000000000001,0.09259333,0.06593999
0.0018800000000000002,0.09335999,0.06677999
0.0018850000000000002,0.09254,0.06595333
0.0018900000000000002,0.09334666,0.06667333
0.0018950000000000002,0.09252666,0.0658
0.0019000000000000002,0.09344,0.06582666
0.0019050000000000002,0.09251333,0.06682
0.0019100000000000002,0.09259333,0.06630667
0.0019150000000000003,0.09342666,0.0675
0.0019200000000000003,0.09341332,0.06697333
0.001925,0.09249999,0.06791333
0.00193,0.09254,0.06789999
0.001935,0.09338666,0.06713333
0.00194,0.09255332,0.06773333
0.0019450000000000001,0.09345333,0.06658
0.0019500000000000001,0.09346666,0.06656666
0.001955,0.09256666,0.06728666
0.0019600000000000004,0.09263333,0.06724666
0.001965,0.09342666,0.06614
0.00197,0.09264666,0.06674
0.001975,0.09351999,0.0653
0.00198,0.09271333,0.06593999
0.0019850000000000002,0.09360666,0.06490666
0.00199,0.09353333,0.06558666
0.0019950000000000002,0.09263333,0.06479333
0.002,0.09261999,0.06476666
0.0020050000000000003,0.09346666,0.06591333
0.00201,0.09346666,0.06539333
0.0020150000000000003,0.09263333,0.06694666
0.00202,0.09360666,0.06646666
0.0020250000000000003,0.09264666,0.06776
0.00203,0.0927,0.06772
0.0020350000000000004,0.09357332,0.06698667
0.00204,0.09271333,0.06776
0.0020450000000000004,0.09356,0.06682
0.00205,0.09350666,0.06735333
0.002055,0.09268666,0.06656666
0.00206,0.09351999,0.06720666
0.002065,0.09261999,0.06631999
0.0020700000000000002,0.09339999,0.06692
0.002075,0.09257999,0.06609999
0.0020800000000000003,0.09335999,0.06615333
0.002085,0.09251333,0.06690666
0.0020900000000000003,0.09337333,0.06694666
0.002095,0.09249999,0.0662
0.0021000000000000003,0.09254,0.06621333
0.002105,0.09339999,0.06727333
0.0021100000000000003,0.09337333,0.06667333
0.002115,0.09256666,0.06782666
0.0021200000000000004,0.09255332,0.06727333
0.002125,0.09337333,0.06822667
0.0021300000000000004,0.09252666,0.06812666
0.002135,0.09341332,0.06728666
0.00214,0.09257999,0.06792666
0.002145,0.09339999,0.06677999
0.00215,0.09344,0.0667
0.0021550000000000002,0.09261999,0.06743333
0.00216,0.09257999,0.06739333
0.0021650000000000003,0.09341332,0.06629333
0.00217,0.09265999,0.06688
0.0021750000000000003,0.09351999,0.06548666
0.00218,0.09356,0.06604666
0.0021850000000000003,0.09271333,0.06491999
0.00219,0.09350666,0.06566666
0.0021950000000000003,0.09265999,0.06475333
0.0022,0.09350666,0.06473999
0.0022050000000000004,0.09263333,0.06577333
0.00221,0.09344,0.06512
0.0022150000000000004,0.09260666,0.06686666
0.00222,0.09261999,0.06629333
0.002225,0.09347999,0.06766666
0.00223,0.09268666,0.06694666
0.002235,0.09353333,0.06774666
0.0022400000000000002,0.09267332,0.06777333
0.002245,0.09356,0.06686666
0.0022500000000000003,0.09360666,0.06744666
0.002255,0.09265999,0.06665999
0.0022600000000000003,0.09349333,0.06728666
0.002265,0.09263333,0.06631999
0.0022700000000000003,0.09259333,0.06694666
0.002275,0.09338666,0.06604666
0.0022800000000000003,0.09249999,0.06612666
0.002285,0.09334666,0.06688
0.0022900000000000004,0.09335999,0.06625333
0.002295,0.09254,0.06695999
0.0023000000000000004,0.09252666,0.06626666
0.002305,0.09337333,0.06732666
0.00231,0.09255332,0.06671333
0.0023150000000000002,0.09338666,0.06789999
0.00232,0.09247333,0.06733999
0.0023250000000000002,0.09334666,0.06822667
0.00233,0.09254,0.06818666
0.0023350000000000003,0.09333333,0.06732666
0.00234,0.09259333,0.06792666
0.0023450000000000003,0.09342666,0.06686666
0.00235,0.09259333,0.06747333
0.0023550000000000003,0.09346666,0.06668666
0.00236,0.09346666,0.06738
0.0023650000000000003,0.09257999,0.06634666
0.00237,0.09264666,0.06690666
0.0023750000000000004,0.09351999,0.06547333
0.00238,0.09267332,0.06611333
0.0023850000000000004,0.09350666,0.06496
0.00239,0.09350666,0.06565333
0.002395,0.09259333,0.06479333
0.0024000000000000002,0.09347999,0.06480666
0.002405,0.09263333,0.0658
0.0024100000000000002,0.09344,0.06520666
0.002415,0.09261999,0.06697333
0.0024200000000000003,0.09264666,0.06638666
0.002425,0.09346666,0.06770666
0.0024300000000000003,0.09263333,0.06702666
0.002435,0.09353333,0.06781333
0.0024400000000000003,0.09349333,0.06785999
0.002445,0.09271333,0.06685333
0.0024500000000000004,0.09351999,0.06751999
0.002455,0.09267332,0.06667333
0.0024600000000000004,0.09350666,0.06731333
0.002465,0.09261999,0.06631999
0.0024700000000000004,0.09249999,0.06690666
0.002475,0.09338666,0.06600666
0.00248,0.09249999,0.06602
0.0024850000000000002,0.09330666,0.06677999
0.00249,0.09251333,0.06677999
0.0024950000000000003,0.09333333,0.06603333
0.0025,0.09335999,0.06607333
0.0025050000000000003,0.09254,0.06710666
0.00251,0.09333333,0.06654
0.0025150000000000003,0.09254,0.06778666
0.00252,0.09333333,0.06713333
0.0025250000000000003,0.09247333,0.06818666
0.00253,0.09245999,0.06811333
0.0025350000000000004,0.09330666,0.06728666
0.00254,0.09254,0.06789999
0.0025450000000000004,0.09333333,0.06677999
0.00255,0.09252666,0.06744666
0.0025550000000000004,0.09341332,0.0667
0.00256,0.09251333,0.06731333
0.002565,0.09338666,0.06630667
0.0025700000000000002,0.09256666,0.06688
0.002575,0.09344,0.06548666
0.0025800000000000003,0.09346666,0.06614
0.002585,0.09261999,0.06505333
0.0025900000000000003,0.09344,0.06570666
0.002595,0.09256666,0.06489333
0.0026000000000000003,0.09338666,0.06490666
0.002605,0.09257999,0.06599333
0.0026100000000000003,0.09257999,0.06546
0.002615,0.09346666,0.06706666
0.0026200000000000004,0.09342666,0.0664
0.002625,0.09260666,0.06777333
0.0026300000000000004,0.09349333,0.06702666
0.002635,0.09261999,0.06779999
0.0026400000000000004,0.09349333,0.06778666
0.002645,0.09264666,0.06683333
0.00265,0.09346666,0.06663333
0.0026550000000000002,0.09263333,0.06743333
0.00266,0.09344,0.06728666
0.0026650000000000003,0.09257999,0.06630667
0.00267,0.09338666,0.06692
0.0026750000000000003,0.09252666,0.06600666
0.00268,0.09337333,0.06595333
0.0026850000000000003,0.09243333,0.06676666
0.00269,0.09331999,0.06672666
0.0026950000000000003,0.09248666,0.06593999
0.0027,0.09251333,0.06596666
0.0027050000000000004,0.09334666,0.06705333
0.00271,0.09247333,0.06643999
0.0027150000000000004,0.09331999,0.06777333
0.00272,0.09331999,0.06714666
0.0027250000000000004,0.09239332,0.06812666
0.0027300000000000002,0.09244666,0.06804666
0.002735,0.09329332,0.06717333
0.0027400000000000002,0.09329332,0.06781333
0.002745,0.09249999,0.06674
0.0027500000000000003,0.09251333,0.06736666
0.002755,0.09333333,0.06661999
0.0027600000000000003,0.09334666,0.06728666
0.002765,0.09251333,0.06634666
0.0027700000000000003,0.09259333,0.06693333
0.002775,0.09345333,0.06565333
0.0027800000000000004,0.09342666,0.06624
0.002785,0.09256666,0.06509333
0.0027900000000000004,0.09342666,0.06573333
0.002795,0.09256666,0.06479333
0.0028000000000000004,0.09339999,0.06483333
0.002805,0.09255332,0.06584
0.0028100000000000004,0.09252666,0.06534
0.0028150000000000002,0.09338666,0.06688
0.00282,0.09255332,0.06634666
0.0028250000000000003,0.09342666,0.06770666
0.00283,0.09261999,0.06698667
0.0028350000000000003,0.09350666,0.06782666
0.00284,0.09345333,0.06779999
0.0028450000000000003,0.09259333,0.06680666
0.00285,0.09345333,0.06661999
0.0028550000000000003,0.09255332,0.06739333
0.00286,0.09338666,0.06735333
0.0028650000000000004,0.09252666,0.06627999
0.00287,0.09339999,0.06688
0.0028750000000000004,0.09249999,0.06593999
0.00288,0.09331999,0.06602
0.0028850000000000004,0.09243333,0.06683333
0.00289,0.09330666,0.06609999
0.0028950000000000004,0.09243333,0.06688
0.0029000000000000002,0.09245999,0.06618
0.002905,0.09330666,0.06738
0.0029100000000000003,0.09247333,0.06667333
0.002915,0.09334666,0.06788667
0.0029200000000000003,0.09329332,0.06721999
0.002925,0.09245999,0.06806
0.0029300000000000003,0.09242,0.06799333
0.002935,0.09334666,0.06702666
0.0029400000000000003,0.09247333,0.06762666
0.002945,0.09335999,0.06654
0.0029500000000000004,0.09252666,0.06720666
0.002955,0.09341332,0.06645333
0.0029600000000000004,0.09254,0.06719333
0.002965,0.09335999,0.0664
0.0029700000000000004,0.09254,0.06697333
0.002975,0.09341332,0.06562666
0.0029800000000000004,0.09342666,0.06624
0.0029850000000000002,0.09259333,0.06507999
0.00299,0.09254,0.06571999
0.0029950000000000003,0.09341332,0.06471333
0.003,0.09256666,0.06463333
0.0030050000000000003,0.09335999,0.06565333
0.00301,0.09337333,0.06493333
0.0030150000000000003,0.09255332,0.06660666
0.00302,0.09254,0.06599333
0.0030250000000000003,0.09341332,0.06744666
0.00303,0.09344,0.06680666
0.0030350000000000004,0.09261999,0.06767999
0.00304,0.09260666,0.06761333
0.0030450000000000004,0.09345333,0.0667
0.00305,0.09342666,0.06659333
0.0030550000000000004,0.09257999,0.06735333
0.0030600000000000002,0.09259333,0.06726
0.0030650000000000004,0.09344,0.06616666
0.0030700000000000002,0.09333333,0.06679333
0.003075,0.09244666,0.06595333
0.0030800000000000003,0.09330666,0.06599333
0.003085,0.09242,0.06683333
0.0030900000000000003,0.09330666,0.06621333
0.003095,0.09243333,0.06694666
0.0031000000000000003,0.09249999,0.06626666
0.003105,0.09330666,0.06731333
0.0031100000000000004,0.09330666,0.06667333
0.003115,0.09245999,0.06781333
0.0031200000000000004,0.09326666,0.06716
0.003125,0.09244666,0.06792666
0.0031300000000000004,0.09244666,0.06788667
0.003135,0.09331999,0.06693333
0.0031400000000000004,0.09248666,0.06757333
0.0031450000000000002,0.09331999,0.06642666
0.0031500000000000005,0.09247333,0.06704
0.0031550000000000003,0.09335999,0.06626666
0.00316,0.09251333,0.06713333
0.0031650000000000003,0.09335999,0.06622666
0.00317,0.09256666,0.06686666
0.0031750000000000003,0.09342666,0.06557333
0.00318,0.09342666,0.06611333
0.0031850000000000003,0.09261999,0.06494666
0.00319,0.09259333,0.06553333
0.0031950000000000004,0.09345333,0.06456666
0.0032,0.09339999,0.06449333
0.0032050000000000004,0.09255332,0.06539333
0.00321,0.09337333,0.06479333
0.0032150000000000004,0.09247333,0.0664
0.00322,0.09254,0.06584
0.0032250000000000004,0.09342666,0.06729999
0.0032300000000000002,0.09350666,0.06663333
0.0032350000000000005,0.09261999,0.06743333
0.0032400000000000003,0.09346666,0.06739333
0.003245,0.09259333,0.06648
0.0032500000000000003,0.09260666,0.06709333
0.003255,0.09345333,0.06633333
0.0032600000000000003,0.09259333,0.06706666
0.003265,0.09337333,0.06591333
0.0032700000000000003,0.09335999,0.06661999
0.003275,0.09244666,0.06575999
0.0032800000000000004,0.09330666,0.06575999
0.003285,0.09247333,0.06663333
0.0032900000000000004,0.09244666,0.06595333
0.003295,0.09330666,0.06674
0.0033000000000000004,0.09245999,0.06612666
0.003305,0.09328,0.06714666
0.0033100000000000004,0.09249999,0.06654
0.0033150000000000002,0.09334666,0.06765333
0.0033200000000000005,0.09329332,0.06706666
0.0033250000000000003,0.09244666,0.06788667
0.00333,0.09247333,0.06782666
0.0033350000000000003,0.09331999,0.06690666
0.00334,0.09251333,0.06753333
0.0033450000000000003,0.09338666,0.06636
0.00335,0.09252666,0.06697333
0.0033550000000000003,0.09342666,0.06625333
0.00336,0.09254,0.06695999
0.0033650000000000004,0.09341332,0.06615333
0.00337,0.09257999,0.06677999
0.0033750000000000004,0.09346666,0.06553333
0.00338,0.09263333,0.06609999
0.0033850000000000004,0.09349333,0.06489333
0.0033900000000000002,0.09346666,0.06557333
0.0033950000000000004,0.09256666,0.06450666
0.0034000000000000002,0.09255332,0.06450666
0.0034050000000000005,0.09342666,0.06547333
0.0034100000000000003,0.09252666,0.06496
0.003415,0.09339999,0.06641333
0.0034200000000000003,0.09256666,0.06592666
0.003425,0.09345333,0.06729999
0.0034300000000000003,0.09267332,0.06659333
0.003435,0.09345333,0.06743333
0.0034400000000000003,0.09346666,0.06738
0.003445,0.09260666,0.0664
0.0034500000000000004,0.09342666,0.06629333
0.003455,0.09259333,0.06704
0.0034600000000000004,0.09338666,0.06701333
0.003465,0.09247333,0.06596666
0.0034700000000000004,0.09338666,0.06652666
0.0034750000000000002,0.09248666,0.06562666
0.0034800000000000005,0.09247333,0.06571999
0.0034850000000000003,0.09328,0.06656666
0.0034900000000000005,0.09331999,0.06593999
0.0034950000000000003,0.09244666,0.06661999
0.0035,0.09245999,0.06597999
0.0035050000000000003,0.09331999,0.06702666
0.00351,0.09249999,0.06643999
0.0035150000000000003,0.09333333,0.06753333
0.00352,0.09333333,0.06694666
0.0035250000000000004,0.09247333,0.06776
0.00353,0.09245999,0.06772
0.0035350000000000004,0.09328,0.06676666
0.00354,0.09252666,0.06738
0.0035450000000000004,0.09335999,0.06627999
0.00355,0.09335999,0.06686666
0.0035550000000000004,0.09254,0.06605999
0.0035600000000000002,0.09252666,0.06698667
0.0035650000000000005,0.09341332,0.06611333
0.0035700000000000003,0.09263333,0.06677999
0.0035750000000000005,0.09342666,0.06556
0.0035800000000000003,0.09345333,0.06614
0.003585,0.09255332,0.06494666
0.0035900000000000003,0.09342666,0.06558666
0.003595,0.09252666,0.06455333
0.0036000000000000003,0.09342666,0.06446666
0.003605,0.09256666,0.06544666
0.0036100000000000004,0.09259333,0.06478
0.003615,0.09342666,0.06629333
0.0036200000000000004,0.09255332,0.06571999
0.003625,0.09342666,0.06714666
0.0036300000000000004,0.09346666,0.0664
0.003635,0.09264666,0.06731333
0.0036400000000000004,0.09347999,0.06726
0.0036450000000000002,0.09260666,0.06630667
0.0036500000000000005,0.09344,0.06624
0.0036550000000000003,0.09259333,0.06697333
0.0036600000000000005,0.09257999,0.06692
0.0036650000000000003,0.09344,0.06577333
0.00367,0.09333333,0.06646666
0.0036750000000000003,0.09249999,0.06558666
0.00368,0.09329332,0.06556
0.0036850000000000003,0.09242,0.06645333
0.00369,0.09330666,0.06655333
0.0036950000000000004,0.09247333,0.06578666
0.0037,0.09247333,0.0659
0.0037050000000000004,0.09335999,0.06694666
0.00371,0.09252666,0.06629333
0.0037150000000000004,0.09333333,0.06739333
0.00372,0.09329332,0.06668666
0.0037250000000000004,0.09247333,0.06751999
0.0037300000000000002,0.09328,0.06745999
0.0037350000000000005,0.09251333,0.06648
0.0037400000000000003,0.09338666,0.06708
0.0037450000000000005,0.09254,0.06600666
0.0037500000000000003,0.09337333,0.06650666
0.003755,0.09254,0.06573333
0.0037600000000000003,0.09259333,0.06581333
0.003765,0.09342666,0.06664667
0.0037700000000000003,0.09256666,0.06650666
0.003775,0.09347999,0.06537999
0.0037800000000000004,0.09265999,0.06596666
0.003785,0.09349333,0.06473999
0.0037900000000000004,0.09345333,0.06534
0.003795,0.09256666,0.06432
0.0038000000000000004,0.09341332,0.06413999
0.0038050000000000002,0.09259333,0.065
0.0038100000000000005,0.09260666,0.06430666
0.0038150000000000002,0.09344,0.06582666
0.0038200000000000005,0.09257999,0.0653
0.0038250000000000003,0.09346666,0.0667
0.0038300000000000005,0.09347999,0.06604666
0.0038350000000000003,0.09261999,0.06690666
0.0038400000000000005,0.09359333,0.06682
0.0038450000000000003,0.09261999,0.06592666
0.00385,0.09347999,0.06586
0.0038550000000000004,0.09264666,0.06659333
0.00386,0.09257999,0.06654
0.0038650000000000004,0.09344,0.06543333
0.00387,0.09338666,0.06607333
0.0038750000000000004,0.09255332,0.06527333
0.00388,0.09248666,0.06531333
0.0038850000000000004,0.09334666,0.06615333
0.0038900000000000002,0.09249999,0.06634666
0.0038950000000000005,0.09330666,0.06559999
0.0039000000000000003,0.09247333,0.06564
0.0039050000000000005,0.09342666,0.06659333
0.00391,0.09335999,0.06602
0.003915,0.09252666,0.06706666
0.003920000000000001,0.09333333,0.06643999
0.0039250000000000005,0.09249999,0.06720666
0.00393,0.09248666,0.06713333
0.003935,0.09335999,0.06609999
0.00394,0.09254,0.06689333
0.003945000000000001,0.09342666,0.06571999
0.00395,0.09339999,0.06626666
0.003955,0.09256666,0.06546
0.00396,0.09255332,0.06558666
0.003965000000000001,0.09342666,0.06636
0.0039700000000000004,0.09260666,0.06630667
0.003975,0.09350666,0.06518666
0.00398,0.09351999,0.06573333
0.003985000000000001,0.09267332,0.06455333
0.0039900000000000005,0.09350666,0.06525999
0.003995,0.09261999,0.06411333
0.004,0.09347999,0.06396666
0.004005000000000001,0.09261999,0.06482
0.0040100000000000005,0.09260666,0.06426666
0.004015,0.09345333,0.06565333
0.00402,0.09263333,0.06503999
0.004025,0.09351999,0.06637333
0.004030000000000001,0.09350666,0.06570666
0.004035,0.09265999,0.06658
0.00404,0.09267332,0.06649332
0.004045,0.09351999,0.06570666
0.004050000000000001,0.09346666,0.06636
0.0040550000000000004,0.09259333,0.06558666
0.00406,0.09344,0.06626666
0.004065,0.09260666,0.06539333
0.004070000000000001,0.09335999,0.06609999
0.0040750000000000005,0.09254,0.06512
0.00408,0.09333333,0.06525999
0.004085,0.09254,0.06611333
0.004090000000000001,0.09335999,0.0655
0.0040950000000000005,0.09252666,0.06625333
0.0041,0.09339999,0.06554666
0.004105,0.09254,0.06645333
0.00411,0.09342666,0.06584
0.004115000000000001,0.09256666,0.06685333
0.00412,0.09338666,0.06622666
0.004125,0.09256666,0.06704
0.00413,0.09252666,0.06701333
0.004135000000000001,0.09335999,0.06614
0.0041400000000000005,0.09260666,0.06677999
0.004145,0.09344,0.06575999
0.00415,0.09261999,0.06636
0.004155000000000001,0.09346666,0.06548666
0.0041600000000000005,0.09261999,0.06559999
0.004165,0.09347999,0.06648
0.00417,0.09268666,0.06641333
0.004175000000000001,0.09354666,0.06527333
0.0041800000000000006,0.09359333,0.06581333
0.004185,0.09267332,0.06464666
0.00419,0.09268666,0.06531333
0.004195,0.09353333,0.0642
0.004200000000000001,0.09264666,0.06411333
0.004205,0.09351999,0.06496
0.00421,0.09344,0.06428
0.004215,0.09263333,0.06570666
0.004220000000000001,0.09347999,0.06513333
0.0042250000000000005,0.09263333,0.06630667
0.00423,0.09265999,0.06558666
0.004235,0.09357332,0.06645333
0.004240000000000001,0.09351999,0.06642666
0.0042450000000000005,0.09272666,0.06562666
0.00425,0.09268666,0.06626666
0.004255,0.09350666,0.06554666
0.004260000000000001,0.09349333,0.06626666
0.0042650000000000006,0.09263333,0.06543333
0.00427,0.09350666,0.06603333
0.004275,0.09257999,0.0653
0.00428,0.09341332,0.06531333
0.004285000000000001,0.09254,0.06614
0.00429,0.09339999,0.06553333
0.004295,0.09255332,0.06626666
0.0043,0.09261999,0.06559999
0.004305000000000001,0.09339999,0.0664
0.0043100000000000005,0.09345333,0.06577333
0.004315,0.09264666,0.06686666
0.00432,0.09341332,0.06621333
0.004325000000000001,0.09260666,0.06701333
0.0043300000000000005,0.09256666,0.06699999
0.004335,0.09342666,0.06614
0.00434,0.09264666,0.06676666
0.004345000000000001,0.09347999,0.06566666
0.004350000000000001,0.09350666,0.06629333
0.004355,0.09265999,0.06554666
0.00436,0.09268666,0.06566666
0.004365,0.09349333,0.06650666
0.004370000000000001,0.09275333,0.06646666
0.004375,0.09359333,0.06532666
0.00438,0.09366,0.06593999
0.004385,0.09275333,0.06471333
0.004390000000000001,0.09350666,0.06547333
0.0043950000000000005,0.09267332,0.06429333
0.0044,0.09347999,0.06413999
0.004405,0.09267332,0.06501333
0.004410000000000001,0.09268666,0.06432
0.0044150000000000005,0.09356,0.06568
0.00442,0.09271333,0.06512
0.004425,0.09360666,0.06631999
0.004430000000000001,0.09276666,0.06566666
0.004435000000000001,0.09359333,0.06650666
0.00444,0.09364666,0.06643999
0.004445,0.09268666,0.06569333
0.00445,0.09356,0.06637333
0.004455000000000001,0.09272666,0.06565333
0.00446,0.09271333,0.06641333
0.004465,0.09359333,0.06544666
0.00447,0.09350666,0.06607333
0.004475000000000001,0.09259333,0.06525999
0.0044800000000000005,0.09342666,0.06531333
0.004485,0.09259333,0.06611333
0.00449,0.09341332,0.06553333
0.004495000000000001,0.09260666,0.06629333
0.0045000000000000005,0.09259333,0.06562666
0.004505,0.09353333,0.06643999
0.00451,0.09356,0.06584
0.004515000000000001,0.09264666,0.06689333
0.004520000000000001,0.09353333,0.06622666
0.004525,0.09261999,0.06698667
0.00453,0.09264666,0.06695999
0.004535,0.09345333,0.06603333
0.004540000000000001,0.0927,0.06664667
0.004545,0.09354666,0.06561333
0.00455,0.09271333,0.0662
0.004555,0.09354666,0.06539333
0.004560000000000001,0.09272666,0.06553333
0.0045650000000000005,0.09360666,0.06641333
0.00457,0.09277999,0.06630667
0.004575,0.09361999,0.06525999
0.004580000000000001,0.09369999,0.06582666
0.0045850000000000005,0.09282,0.06471333
0.00459,0.09367333,0.06536666
0.004595,0.09273999,0.06428
0.004600000000000001,0.09272666,0.06408666
0.004605000000000001,0.09353333,0.06488
0.00461,0.09356,0.06425333
0.004615,0.09264666,0.06562666
0.00462,0.09275333,0.06497333
0.004625000000000001,0.09357332,0.06625333
0.0046300000000000004,0.09364666,0.06557333
0.004635,0.09275333,0.06650666
0.00464,0.09361999,0.0664
0.004645000000000001,0.09272666,0.06565333
0.0046500000000000005,0.09359333,0.06629333
0.004655,0.09271333,0.06558666
0.00466,0.09354666,0.06630667
0.004665000000000001,0.09271333,0.06544666
0.0046700000000000005,0.09346666,0.06603333
0.004675,0.09264666,0.06520666
0.00468,0.09260666,0.06523333
0.004685000000000001,0.09346666,0.06607333
0.004690000000000001,0.09261999,0.06537999
0.004695,0.09345333,0.06612666
0.0047,0.09267332,0.06546
0.004705,0.09347999,0.06626666
0.004710000000000001,0.09349333,0.06565333
0.0047150000000000004,0.09267332,0.06668666
0.00472,0.09265999,0.06612666
0.004725,0.09346666,0.06693333
0.004730000000000001,0.09256666,0.06689333
0.0047350000000000005,0.09346666,0.06595333
0.00474,0.09351999,0.06656666
0.004745,0.09265999,0.06553333
0.004750000000000001,0.09267332,0.06608666
0.0047550000000000005,0.09353333,0.06528666
0.00476,0.09353333,0.06540667
0.004765,0.09273999,0.06631999
0.004770000000000001,0.09275333,0.06622666
0.004775000000000001,0.09359333,0.06527333
0.00478,0.09280666,0.06581333
0.004785,0.09361999,0.06473999
0.00479,0.09275333,0.06540667
0.004795000000000001,0.09357332,0.06434666
0.0048000000000000004,0.09354666,0.06497333
0.004805,0.0927,0.06417999
0.00481,0.09268666,0.06441333
0.004815000000000001,0.09353333,0.06557333
0.0048200000000000005,0.09353333,0.06496
0.004825,0.0927,0.06618
0.00483,0.09360666,0.06548666
0.004835000000000001,0.09277999,0.06630667
0.0048400000000000006,0.09357332,0.06553333
0.004845,0.09275333,0.06633333
0.00485,0.09272666,0.06621333
0.004855000000000001,0.09356,0.06547333
0.004860000000000001,0.09353333,0.06627999
0.004865,0.09271333,0.06541999
0.00487,0.09349333,0.06607333
0.004875,0.09260666,0.06517333
0.004880000000000001,0.09342666,0.06525999
0.0048850000000000005,0.09259333,0.06605999
0.00489,0.09341332,0.06611333
0.004895,0.09257999,0.0653
0.004900000000000001,0.09259333,0.06536666
0.0049050000000000005,0.09344,0.06614
0.00491,0.09350666,0.06557333
0.004915,0.09268666,0.06655333
0.004920000000000001,0.09261999,0.06596666
0.0049250000000000006,0.09349333,0.06677999
0.00493,0.09261999,0.06688
0.004935,0.09345333,0.06595333
0.004940000000000001,0.0927,0.06663333
0.004945000000000001,0.09349333,0.06561333
0.00495,0.09359333,0.06625333
0.004955,0.0927,0.06540667
0.00496,0.09271333,0.06559999
0.004965000000000001,0.09364666,0.06649332
0.0049700000000000005,0.09279332,0.06636
0.004975,0.09364666,0.06541999
0.00498,0.09363332,0.06603333
0.004985000000000001,0.09280666,0.06494666
0.0049900000000000005,0.09276666,0.06566666
0.004995,0.09290666,0.06464666
0.005,0.09503333,0.06876666
0.005005000000000001,0.09421999,0.06813999
0.0050100000000000006,0.09500666,0.06818666
0.005015,0.09416666,0.06896
0.00502,0.09395333,0.06901333
0.005025000000000001,0.09481332,0.06822667
0.005030000000000001,0.09399333,0.06883333
0.005035,0.09469333,0.06782666
0.00504,0.09474666,0.06838666
0.005045,0.09392666,0.06724666
0.005050000000000001,0.09393999,0.06776
0.0050550000000000005,0.0948,0.06689333
0.00506,0.09401999,0.06757333
0.005065,0.09477333,0.06675333
0.005070000000000001,0.09404666,0.06701333
0.0050750000000000005,0.09489333,0.06792666
0.00508,0.09421999,0.06727333
0.005085,0.09503333,0.0684
0.005090000000000001,0.09435999,0.06787333
0.005095000000000001,0.09527332,0.06921999
0.0051,0.09453332,0.06860666
0.005105,0.09548666,0.06964
0.005110000000000001,0.09477333,0.06909333
0.005115000000000001,0.09571999,0.07036
0.00512,0.09493332,0.06987333
0.005125,0.09587999,0.07105333
0.00513,0.09505999,0.07038666
0.005135000000000001,0.09586666,0.07111999
0.0051400000000000005,0.09511333,0.07095999
0.005145,0.09593333,0.06974666
0.00515,0.09589332,0.07032
0.005155000000000001,0.09503333,0.06909333
0.0051600000000000005,0.09574666,0.06964
0.005165,0.09491999,0.06869999
0.00517,0.09559333,0.06920666
0.005175000000000001,0.09481332,0.06837333
0.005180000000000001,0.09544666,0.06903999
0.005185,0.09461333,0.06835999
0.00519,0.09532666,0.06829333
0.005195000000000001,0.09450666,0.06901333
0.005200000000000001,0.09515332,0.06906666
0.005205,0.09431999,0.06822667
0.00521,0.09502,0.06819999
0.005215,0.09419332,0.06905333
0.005220000000000001,0.09485333,0.06915999
0.0052250000000000005,0.09406,0.06832
0.00523,0.09477333,0.06893333
0.005235,0.09399333,0.06798
0.005240000000000001,0.09469333,0.06852666
0.0052450000000000005,0.09395333,0.06732666
0.00525,0.09396666,0.06788667
0.005255,0.09475999,0.06702666
0.005260000000000001,0.09403332,0.06693333
0.005265000000000001,0.09482666,0.06779999
0.00527,0.09408666,0.06719333
0.005275,0.09493332,0.06816666
0.005280000000000001,0.09421999,0.06757333
0.005285000000000001,0.09511333,0.06862
0.00529,0.0944,0.0681
0.005295,0.09525999,0.06952
0.0053,0.09453332,0.06890666
0.005305000000000001,0.09551333,0.06984666
0.0053100000000000005,0.09486666,0.06932666
0.005315,0.09567999,0.07060666
0.00532,0.09500666,0.07005999
0.005325000000000001,0.09578666,0.07114666
0.0053300000000000005,0.09509999,0.07123332
0.005335,0.09587999,0.07045333
0.00534,0.09511333,0.07106666
0.005345000000000001,0.09595999,0.0699
0.005350000000000001,0.09590666,0.07041333
0.005355,0.09509999,0.06910666
0.00536,0.09573333,0.06968
0.005365000000000001,0.09491999,0.06862
0.005370000000000001,0.09561999,0.06924666
0.0053750000000000004,0.09481332,0.06833333
0.00538,0.09547333,0.06902666
0.005385,0.09462666,0.06826666
0.005390000000000001,0.09536666,0.06825333
0.0053950000000000005,0.09452,0.06898666
0.0054,0.09520666,0.06896
0.005405,0.09434666,0.06813999
0.005410000000000001,0.09505999,0.06821333
0.0054150000000000005,0.09420666,0.06896
0.00542,0.09408666,0.06896
0.005425,0.09490666,0.06819999
0.005430000000000001,0.09475999,0.06875333
0.005435000000000001,0.09397999,0.06770666
0.00544,0.09471999,0.06829333
0.005445,0.09396666,0.06698667
0.005450000000000001,0.09400666,0.06758666
0.005455000000000001,0.09475999,0.06674
0.0054600000000000004,0.09483999,0.06664667
0.005465,0.09403332,0.06751999
0.00547,0.09411333,0.06698667
0.005475000000000001,0.09491999,0.06789999
0.0054800000000000005,0.09423333,0.06732666
0.005485,0.09512666,0.0684
0.00549,0.09445333,0.06784
0.005495000000000001,0.09532666,0.06935333
0.0055000000000000005,0.09463999,0.06881999
0.005505,0.09560666,0.06975999
0.00551,0.09486666,0.06925999
0.005515000000000001,0.09569333,0.07048
0.005520000000000001,0.09499332,0.06988666
0.005525,0.09582666,0.07092
0.00553,0.09512666,0.07099999
0.005535000000000001,0.09593333,0.07011333
0.005540000000000001,0.09516666,0.07073999
0.0055450000000000004,0.09599999,0.06948666
0.00555,0.09594666,0.07004666
0.005555,0.09508666,0.06878
0.005560000000000001,0.09574666,0.0693
0.0055650000000000005,0.09499332,0.06829333
0.00557,0.09567999,0.06885333
0.005575,0.09485333,0.06795333
0.005580000000000001,0.09552666,0.06789999
0.0055850000000000006,0.09470666,0.06863333
0.00559,0.09536666,0.06795333
0.005595,0.09454666,0.06868666
0.005600000000000001,0.09520666,0.06874
0.005605000000000001,0.09430666,0.06792666
0.00561,0.09505999,0.06796666
0.005615,0.09424666,0.06878
0.005620000000000001,0.09486666,0.06880666
0.005625000000000001,0.09411333,0.06794
0.0056300000000000005,0.0948,0.06853999
0.005635,0.09403332,0.06747333
0.00564,0.09474666,0.0681
0.005645000000000001,0.09395333,0.06668666
0.0056500000000000005,0.09400666,0.06731333
0.005655,0.09481332,0.06642666
0.00566,0.09406,0.06631999
0.005665000000000001,0.09483999,0.06713333
0.0056700000000000006,0.09413999,0.06652666
0.005675,0.09499332,0.06755999
0.00568,0.09428,0.06692
0.005685000000000001,0.09508666,0.06813999
0.005690000000000001,0.09445333,0.06757333
0.005695,0.09533999,0.06901333
0.0057,0.09466666,0.06844
0.005705000000000001,0.09556666,0.06944666
0.005710000000000001,0.09494666,0.06893333
0.0057150000000000005,0.09567999,0.07022666
0.00572,0.09503333,0.06966666
0.005725,0.09583999,0.07068666
0.005730000000000001,0.09511333,0.07071333
0.0057350000000000005,0.09590666,0.06998
0.00574,0.09521999,0.07056666
0.005745,0.09594666,0.06934
0.005750000000000001,0.09592,0.0699
0.005755000000000001,0.09511333,0.06868666
0.00576,0.09577332,0.06920666
0.005765,0.09499332,0.06819999
0.005770000000000001,0.09567999,0.06872666
0.005775000000000001,0.09483999,0.06789999
0.00578,0.09551333,0.06779999
0.005785,0.09470666,0.06853999
0.005790000000000001,0.09533999,0.06781333
0.005795000000000001,0.09452,0.06855333
0.0058000000000000005,0.09520666,0.06785999
0.005805,0.09434666,0.06855333
0.00581,0.09504666,0.06794
0.005815000000000001,0.09421999,0.06880666
0.0058200000000000005,0.09490666,0.06883333
0.005825,0.09404666,0.06800666
0.00583,0.09478666,0.06860666
0.005835000000000001,0.09400666,0.06753333
0.005840000000000001,0.09474666,0.0681
0.005845,0.09400666,0.06683333
0.00585,0.09401999,0.06736666
0.005855000000000001,0.09483999,0.06646666
0.005860000000000001,0.09411333,0.06711999
0.005865,0.09487999,0.06624
0.00587,0.09408666,0.06656666
0.005875000000000001,0.09494666,0.06748666
0.005880000000000001,0.09425999,0.06685333
0.0058850000000000005,0.09515332,0.06806
0.00589,0.09443999,0.06748666
0.005895,0.09537999,0.06890666
0.005900000000000001,0.09466666,0.06837333
0.0059050000000000005,0.09561999,0.06936666
0.00591,0.09490666,0.06881999
0.005915,0.09571999,0.07008666
0.005920000000000001,0.09505999,0.06955999
0.005925000000000001,0.09589332,0.07066
0.00593,0.09595999,0.07079333
0.005935,0.09515332,0.07000666
0.005940000000000001,0.09516666,0.07066
0.005945000000000001,0.09599999,0.06947333
0.00595,0.09595999,0.07002
0.005955,0.09512666,0.06890666
0.005960000000000001,0.09581333,0.06944666
0.005965000000000001,0.09497999,0.06842666
0.0059700000000000005,0.09569333,0.06898666
0.005975,0.09487999,0.06811333
0.00598,0.09551333,0.06874
0.005985000000000001,0.09468,0.06801999
0.0059900000000000005,0.09536666,0.06795333
0.005995,0.09455999,0.06871333
0.006,0.09524666,0.06874
0.006005000000000001,0.09434666,0.06800666
0.006010000000000001,0.09505999,0.06811333
0.006015,0.09420666,0.06901333
0.00602,0.09491999,0.069
0.006025000000000001,0.09412666,0.06819999
0.006030000000000001,0.09486666,0.06880666
0.006035,0.09401999,0.06766666
0.00604,0.09406,0.06829333
0.006045000000000001,0.09478666,0.06686666
0.006050000000000001,0.09407333,0.06745999
0.0060550000000000005,0.09489333,0.06661999
0.00606,0.09412666,0.06641333
0.006065,0.09491999,0.06728666
0.006070000000000001,0.09413999,0.0667
0.0060750000000000005,0.09496666,0.06766666
0.00608,0.09430666,0.06702666
0.006085,0.09514,0.06819999
0.006090000000000001,0.09449333,0.06765333
0.006095000000000001,0.09537999,0.06913333
0.0061,0.09471999,0.06862
0.006105,0.09559333,0.06955999
0.006110000000000001,0.09491999,0.06901333
0.006115000000000001,0.09573333,0.07022666
0.0061200000000000004,0.09507333,0.06958666
0.006125,0.09583999,0.07072666
0.006130000000000001,0.09516666,0.07076667
0.006135000000000001,0.09595999,0.07003333
0.0061400000000000005,0.09524666,0.0707
0.006145,0.09599999,0.06954666
0.00615,0.09599999,0.07005999
0.006155000000000001,0.09512666,0.06897333
0.0061600000000000005,0.09581333,0.06950666
0.006165,0.09497999,0.06856667
0.00617,0.09570666,0.06906666
0.006175000000000001,0.09487999,0.0681
0.006180000000000001,0.09556666,0.06872666
0.006185,0.09471999,0.06792666
0.00619,0.09543332,0.06798
0.006195000000000001,0.09459999,0.06869999
0.006200000000000001,0.09525999,0.06796666
0.0062050000000000004,0.09437332,0.06867333
0.00621,0.09515332,0.06804666
0.006215000000000001,0.09423333,0.06890666
0.006220000000000001,0.09497999,0.06890666
0.0062250000000000005,0.09413999,0.06807332
0.00623,0.09483999,0.06863333
0.006235,0.09408666,0.06753333
0.006240000000000001,0.09403332,0.06806
0.0062450000000000006,0.09477333,0.06665999
0.00625,0.09406,0.06723333
0.006255,0.09486666,0.06638666
0.006260000000000001,0.09411333,0.06624
0.006265000000000001,0.09489333,0.06713333
0.00627,0.09416666,0.06664667
0.006275,0.09497999,0.06748666
0.006280000000000001,0.09430666,0.06682
0.006285000000000001,0.09516666,0.06811333
0.0062900000000000005,0.09449333,0.06757333
0.006295,0.09536666,0.06909333
0.006300000000000001,0.09471999,0.06853999
0.006305000000000001,0.09560666,0.06952
0.0063100000000000005,0.09496666,0.06890666
0.006315,0.09573333,0.07004666
0.00632,0.09507333,0.06943333
0.006325000000000001,0.09595999,0.07049333
0.0063300000000000006,0.09517999,0.07052666
0.006335,0.09594666,0.06974666
0.00634,0.09517999,0.07033333
0.006345000000000001,0.09599999,0.06914666
0.006350000000000001,0.09595999,0.06974666
0.006355,0.09511333,0.06867333
0.00636,0.09581333,0.06924666
0.006365000000000001,0.09500666,0.06826666
0.006370000000000001,0.09571999,0.06883333
0.0063750000000000005,0.09486666,0.06779999
0.00638,0.09548666,0.0684
0.006385000000000001,0.09471999,0.06769333
0.006390000000000001,0.09536666,0.0684
0.0063950000000000005,0.09454666,0.06766666
0.0064,0.09523333,0.06772
0.006405,0.0944,0.06844
0.006410000000000001,0.09508666,0.06779999
0.0064150000000000006,0.09424666,0.06869999
0.00642,0.09491999,0.06869999
0.006425,0.09413999,0.06778666
0.006430000000000001,0.09481332,0.0684
0.006435000000000001,0.09403332,0.06727333
0.00644,0.09403332,0.06785999
0.006445,0.09477333,0.06634666
0.006450000000000001,0.09399333,0.06692
0.006455000000000001,0.09482666,0.06612666
0.0064600000000000005,0.09412666,0.06599333
0.006465,0.09486666,0.06692
0.006470000000000001,0.09415333,0.06634666
0.006475000000000001,0.09497999,0.06716
0.0064800000000000005,0.09430666,0.06659333
0.006485,0.09514,0.06787333
0.00649,0.09445333,0.06733999
0.006495000000000001,0.09537999,0.06883333
0.006500000000000001,0.09471999,0.06830666
0.006505,0.09560666,0.06918
0.00651,0.09491999,0.06869999
0.006515000000000001,0.09573333,0.06978666
0.006520000000000001,0.09502,0.06915999
0.006525,0.09592,0.07018666
0.00653,0.09592,0.0702
0.006535000000000001,0.09515332,0.06944666
0.006540000000000001,0.09517999,0.07000666
0.0065450000000000005,0.09597333,0.06898666
0.00655,0.09594666,0.06957333
0.006555000000000001,0.09509999,0.06853999
0.006560000000000001,0.09585333,0.06913333
0.0065650000000000005,0.09499332,0.06815333
0.00657,0.09566666,0.06871333
0.006575,0.09486666,0.06770666
0.006580000000000001,0.09555332,0.06828
0.006585000000000001,0.09468,0.06755999
0.00659,0.09539333,0.0675
0.006595,0.09453332,0.06823999
0.006600000000000001,0.09521999,0.06751999
0.006605000000000001,0.09434666,0.06832
0.00661,0.09503333,0.06769333
0.006615,0.09423333,0.06867333
0.006620000000000001,0.09493332,0.06869999
0.006625000000000001,0.09408666,0.06784
0.0066300000000000005,0.09482666,0.06838666
0.006635,0.09400666,0.06738
0.006640000000000001,0.09397999,0.06794
0.006645000000000001,0.09477333,0.06650666
0.0066500000000000005,0.09401999,0.06705333
0.006655,0.09483999,0.06622666
0.00666,0.09411333,0.06608666
0.006665000000000001,0.09486666,0.06693333
0.006670000000000001,0.09415333,0.06636
0.006675,0.09499332,0.06724666
0.00668,0.09429333,0.06658
0.006685000000000001,0.09517999,0.06795333
0.006690000000000001,0.09447999,0.06736666
0.006695,0.09535333,0.06879333
0.0067,0.09469333,0.06822667
0.006705000000000001,0.09558,0.06912
0.006710000000000001,0.09487999,0.06862
0.0067150000000000005,0.09569333,0.06969333
0.00672,0.09503333,0.06913333
0.006725000000000001,0.09582666,0.07014
0.006730000000000001,0.09515332,0.07014
0.0067350000000000005,0.09602666,0.06940666
0.00674,0.09516666,0.07004666
0.006745,0.09601333,0.06906666
0.006750000000000001,0.09593333,0.06961333
0.006755000000000001,0.09512666,0.06856667
0.00676,0.09578666,0.06924666
0.006765,0.09496666,0.06826666
0.006770000000000001,0.09569333,0.06881999
0.006775000000000001,0.0948,0.06782666
0.0067800000000000004,0.09553999,0.0684
0.006785,0.09468,0.06758666
0.006790000000000001,0.09536666,0.06745999
0.006795000000000001,0.09447999,0.06826666
0.0068000000000000005,0.09524666,0.0676
0.006805,0.09431999,0.06841333
0.006810000000000001,0.09504666,0.06781333
0.006815000000000001,0.09421999,0.06880666
0.0068200000000000005,0.09487999,0.06885333
0.006825,0.09408666,0.06806
0.00683,0.09486666,0.06860666
0.006835000000000001,0.09397999,0.06753333
0.006840000000000001,0.09475999,0.06804666
0.006845,0.09400666,0.06660666
0.00685,0.09404666,0.06717333
0.006855000000000001,0.09481332,0.06641333
0.006860000000000001,0.09409999,0.0662
0.0068650000000000004,0.09489333,0.06714666
0.00687,0.09415333,0.06652666
0.006875000000000001,0.09493332,0.06739333
0.006880000000000001,0.09429333,0.06679333
0.0068850000000000005,0.09512666,0.06819999
0.00689,0.09433333,0.06761333
0.006895000000000001,0.09537999,0.06902666
0.006900000000000001,0.09470666,0.06846666
0.0069050000000000005,0.09559333,0.06934
0.00691,0.09491999,0.06881999
0.006915,0.09577332,0.06981333
0.006920000000000001,0.09504666,0.06927333
0.006925000000000001,0.09579999,0.07022666
0.00693,0.09516666,0.07024
0.006935,0.09593333,0.06946
0.006940000000000001,0.09597333,0.07008666
0.006945000000000001,0.09517999,0.06912
0.0069500000000000004,0.09590666,0.06968
0.006955,0.09505999,0.06860666
0.006960000000000001,0.09577332,0.0693
0.006965000000000001,0.09496666,0.06834666
0.0069700000000000005,0.09567999,0.06890666
0.006975,0.09482666,0.06787333
0.006980000000000001,0.09549999,0.06845333
0.006985000000000001,0.09465332,0.06766666
0.0069900000000000006,0.09532666,0.06832
0.006995,0.09447999,0.0676
0.007,0.09519333,0.06765333
0.007005000000000001,0.09434666,0.06846666
0.007010000000000001,0.09502,0.06785999
0.007015,0.09412666,0.06883333
0.00702,0.09489333,0.06885333
0.007025000000000001,0.09411333,0.06801999
0.007030000000000001,0.09483999,0.06859333
0.0070350000000000005,0.09397999,0.06743333
0.00704,0.09396666,0.06803333
0.007045000000000001,0.09478666,0.06654
0.007050000000000001,0.09403332,0.06708
0.0070550000000000005,0.09482666,0.06627999
0.00706,0.09397999,0.06621333
0.007065000000000001,0.09486666,0.06711999
0.007070000000000001,0.09413999,0.06656666
0.0070750000000000006,0.09497999,0.06740666
0.00708,0.09425999,0.06677999
0.007085,0.09511333,0.06825333
0.007090000000000001,0.09446666,0.06769333
0.007095000000000001,0.09532666,0.06913333
0.0071,0.09468,0.06862
0.007105,0.09553999,0.06943333
0.007110000000000001,0.09570666,0.06880666
0.007115000000000001,0.09485333,0.06981333
0.0071200000000000005,0.09499332,0.06923333
0.007125,0.09579999,0.07015333
0.007130000000000001,0.09511333,0.07015333
0.007135000000000001,0.09589332,0.06935333
0.0071400000000000005,0.09516666,0.06996666
0.007145,0.09590666,0.06894666
0.007150000000000001,0.09589332,0.06954666
0.007155000000000001,0.09508666,0.06859333
0.0071600000000000006,0.09582666,0.06923333
0.007165,0.09491999,0.06834666
0.00717,0.09561999,0.06883333
0.007175000000000001,0.0948,0.06781333
0.007180000000000001,0.09551333,0.06845333
0.007185,0.09465332,0.06755999
0.00719,0.09532666,0.0675
0.007195000000000001,0.09450666,0.06826666
0.007200000000000001,0.09520666,0.06758666
0.0072050000000000005,0.09431999,0.06838666
0.00721,0.09500666,0.06777333
0.007215000000000001,0.09415333,0.06879333
0.007220000000000001,0.09483999,0.06876666
0.0072250000000000005,0.09403332,0.06791333
0.00723,0.09395333,0.06847999
0.007235000000000001,0.09481332,0.06731333
0.007240000000000001,0.09474666,0.06787333
0.007245000000000001,0.09392666,0.06642666
0.00725,0.09400666,0.06702666
0.007255,0.09477333,0.0662
0.007260000000000001,0.0948,0.06611333
0.007265000000000001,0.09407333,0.06701333
0.00727,0.09415333,0.06641333
0.007275,0.09496666,0.06729999
0.007280000000000001,0.09421999,0.06660666
0.007285000000000001,0.09512666,0.06812666
0.0072900000000000005,0.09442666,0.06753333
0.007295,0.09525999,0.06908
0.007300000000000001,0.09461333,0.06837333
0.007305000000000001,0.09558,0.06934
0.0073100000000000005,0.09485333,0.06878
0.007315,0.09573333,0.06969333
0.007320000000000001,0.09499332,0.06910666
0.007325000000000001,0.09578666,0.07011333
0.007330000000000001,0.09505999,0.07000666
0.007335,0.09585333,0.06920666
0.00734,0.09509999,0.06987333
0.007345000000000001,0.09589332,0.06901333
0.007350000000000001,0.09597333,0.06953333
0.007355,0.09504666,0.06863333
0.00736,0.09573333,0.06924666
0.007365000000000001,0.09486666,0.06837333
0.007370000000000001,0.09563333,0.06894666
0.0073750000000000005,0.0948,0.06795333
0.00738,0.09543332,0.06846666
0.007385000000000001,0.09455999,0.06755999
0.007390000000000001,0.09531333,0.06822667
0.0073950000000000005,0.09446666,0.06742
0.0074,0.09512666,0.06748666
0.007405000000000001,0.09429333,0.06838666
0.007410000000000001,0.09499332,0.06776
0.007415000000000001,0.09412666,0.06878
0.00742,0.09478666,0.06879333
0.007425,0.09403332,0.06795333
0.007430000000000001,0.0948,0.06855333
0.007435000000000001,0.09395333,0.06747333
0.00744,0.09471999,0.06806
0.007445,0.09393999,0.06660666
0.007450000000000001,0.09396666,0.06719333
0.007455000000000001,0.09481332,0.0664
0.0074600000000000005,0.09397999,0.06631999
0.007465,0.0948,0.06716
0.007470000000000001,0.09407333,0.06660666
0.007475000000000001,0.09489333,0.06747333
0.0074800000000000005,0.09421999,0.06686666
0.007485,0.09504666,0.06825333
0.007490000000000001,0.09437332,0.06772
0.007495000000000001,0.0953,0.06912
0.007500000000000001,0.09463999,0.06856667
0.007505,0.09553999,0.06932666
0.00751,0.09475999,0.06878
0.007515000000000001,0.09565333,0.06969333
0.007520000000000001,0.09489333,0.06903999
0.0075250000000000004,0.09573333,0.07004666
0.00753,0.09502,0.07000666
0.007535000000000001,0.09583999,0.06927333
0.007540000000000001,0.09512666,0.06996666
0.0075450000000000005,0.09586666,0.06919333
0.00755,0.09586666,0.06981333
0.007555000000000001,0.09504666,0.06890666
0.007560000000000001,0.09569333,0.06948666
0.0075650000000000005,0.09491999,0.06856667
0.00757,0.09560666,0.06913333
0.007575000000000001,0.09470666,0.06807332
0.007580000000000001,0.09540666,0.06867333
0.007585000000000001,0.09461333,0.06762666
0.00759,0.09527332,0.06829333
0.007595,0.09443999,0.06753333
0.007600000000000001,0.09511333,0.0675
0.007605000000000001,0.09425999,0.06835999
0.0076100000000000004,0.09491999,0.06766666
0.007615,0.09411333,0.06887999
0.007620000000000001,0.0948,0.06889333
0.007625000000000001,0.09403332,0.06813999
0.0076300000000000005,0.09475999,0.06875333
0.007635,0.09395333,0.06766666
0.007640000000000001,0.09468,0.06825333
0.007645000000000001,0.09391332,0.06682
0.0076500000000000005,0.09392666,0.06745999
0.007655,0.09474666,0.06667333
0.007660000000000001,0.09403332,0.06650666
0.007665000000000001,0.09483999,0.06738
0.007670000000000001,0.09404666,0.06679333
0.007675,0.09487999,0.06765333
0.007680000000000001,0.09421999,0.06699999
0.007685000000000001,0.09502,0.06844
0.007690000000000001,0.09438666,0.06789999
0.0076950000000000005,0.09528666,0.06914666
0.0077,0.09458666,0.06852666
0.007705000000000001,0.09548666,0.06936666
0.007710000000000001,0.09481332,0.06881999
0.0077150000000000005,0.09563333,0.06973333
0.00772,0.09491999,0.06915999
0.007725000000000001,0.09574666,0.07017333
0.007730000000000001,0.09503333,0.07015333
0.0077350000000000006,0.09579999,0.06935333
0.00774,0.09507333,0.07002
0.007745000000000001,0.09585333,0.06920666
0.007750000000000001,0.09587999,0.06978666
0.007755000000000001,0.09503333,0.06887999
0.00776,0.09565333,0.06946
0.007765000000000001,0.09486666,0.06847999
0.007770000000000001,0.09558,0.06906666
0.007775000000000001,0.09473333,0.06795333
0.0077800000000000005,0.09544666,0.06859333
0.007785,0.09458666,0.06755999
0.007790000000000001,0.09527332,0.06812666
0.007795000000000001,0.09441333,0.06738
0.0078000000000000005,0.09512666,0.06732666
0.007805,0.09420666,0.06816666
0.007810000000000001,0.09489333,0.06762666
0.007815,0.09406,0.06872666
0.00782,0.09477333,0.06872666
0.007825,0.09401999,0.06806
0.00783,0.09470666,0.06863333
0.007835,0.09392666,0.06758666
0.007840000000000001,0.09392666,0.06823999
0.007845000000000001,0.09463999,0.06679333
0.007850000000000001,0.09391332,0.06731333
0.007855000000000001,0.09471999,0.06650666
0.00786,0.09399333,0.06636
0.007865,0.09473333,0.06717333
0.00787,0.09406,0.06660666
0.007875,0.09486666,0.06738
0.00788,0.09419332,0.06675333
0.007885000000000001,0.09505999,0.06828
0.007890000000000001,0.0944,0.06773333
0.007895000000000001,0.09531333,0.06913333
0.0079,0.09459999,0.06852666
0.007905,0.09548666,0.06935333
0.00791,0.09478666,0.06879333
0.007915,0.09561999,0.06973333
0.00792,0.09489333,0.06920666
0.007925000000000001,0.09571999,0.07007333
0.007930000000000001,0.09505999,0.07012666
0.007935000000000001,0.09578666,0.06919333
0.007940000000000001,0.09504666,0.06984666
0.007945,0.09583999,0.06886666
0.00795,0.09586666,0.06943333
0.007955,0.09502,0.06845333
0.00796,0.09566666,0.06919333
0.007965,0.09482666,0.06812666
0.007970000000000001,0.09556666,0.06875333
0.007975000000000001,0.09475999,0.0676
0.007980000000000001,0.09539333,0.06822667
0.007985,0.09458666,0.06727333
0.00799,0.09525999,0.06787333
0.007995,0.09443999,0.06717333
0.008,0.09512666,0.06716
0.008005,0.09420666,0.06795333
0.008010000000000001,0.09496666,0.06740666
0.008015000000000001,0.09406,0.06849333
0.008020000000000001,0.09478666,0.06779999
0.008025000000000001,0.09401999,0.06856667
0.00803,0.0939,0.06852666
0.008035,0.09473333,0.06742
0.00804,0.0939,0.06801999
0.008045,0.09466666,0.06661999
0.00805,0.09392666,0.06710666
0.008055000000000001,0.09475999,0.06624
0.008060000000000001,0.09399333,0.06686666
0.008065000000000001,0.09481332,0.06609999
0.00807,0.09406,0.06631999
0.008075,0.09486666,0.06709333
0.00808,0.09419332,0.06648
0.008085,0.09499332,0.06794
0.00809,0.09437332,0.06747333
0.008095000000000001,0.09525999,0.06890666
0.008100000000000001,0.09458666,0.06833333
0.008105000000000001,0.09545999,0.06927333
0.008110000000000001,0.09560666,0.06867333
0.008115,0.09483999,0.06973333
0.00812,0.09490666,0.06912
0.008125,0.09571999,0.07002
0.00813,0.09505999,0.06996666
0.008135,0.09581333,0.06913333
0.008140000000000001,0.09507333,0.06973333
0.008145000000000001,0.09590666,0.06875333
0.008150000000000001,0.09579999,0.06931332
0.008155,0.09502,0.06834666
0.00816,0.09566666,0.06890666
0.008165,0.09490666,0.06796666
0.00817,0.09553999,0.06853999
0.008175,0.09470666,0.06753333
0.008180000000000002,0.09540666,0.06806
0.008185000000000001,0.09454666,0.06713333
0.008190000000000001,0.09521999,0.06774666
0.008195000000000001,0.0944,0.06698667
0.0082,0.09509999,0.06705333
0.008205,0.09421999,0.06779999
0.00821,0.09491999,0.06724666
0.008215,0.09408666,0.06834666
0.00822,0.09475999,0.06766666
0.008225000000000001,0.09400666,0.06841333
0.008230000000000001,0.09474666,0.06838666
0.008235000000000001,0.09391332,0.06742
0.00824,0.09461333,0.06806
0.008245,0.09388666,0.06660666
0.00825,0.09392666,0.06724666
0.008255,0.09471999,0.06626666
0.00826,0.09393999,0.06682
0.008265000000000002,0.0948,0.06603333
0.008270000000000001,0.09403332,0.06618
0.008275000000000001,0.09491999,0.06706666
0.008280000000000001,0.09416666,0.06648
0.008285,0.09502,0.06798
0.00829,0.09434666,0.06739333
0.008295,0.09521999,0.06886666
0.0083,0.09458666,0.06828
0.008305,0.09547333,0.06918
0.008310000000000001,0.09482666,0.06864666
0.008315000000000001,0.09569333,0.06970666
0.008320000000000001,0.09491999,0.06914666
0.008325,0.09576,0.07011333
0.00833,0.09504666,0.07002
0.008335,0.09592,0.06925999
0.00834,0.09585333,0.06987333
0.008345,0.09502,0.06890666
0.008350000000000002,0.09583999,0.06944666
0.008355000000000001,0.09499332,0.06845333
0.008360000000000001,0.09574666,0.06905333
0.008365000000000001,0.09485333,0.06800666
0.00837,0.09552666,0.06859333
0.008375,0.09471999,0.0676
0.00838,0.09537999,0.06815333
0.008385,0.09454666,0.06720666
0.00839,0.09524666,0.06776
0.008395000000000001,0.0944,0.06705333
0.008400000000000001,0.09509999,0.06705333
0.008405000000000001,0.09418,0.06791333
0.00841,0.09489333,0.06726
0.008415,0.09408666,0.06845333
0.00842,0.09478666,0.06781333
0.008425,0.09397999,0.06856667
0.00843,0.09466666,0.06849333
0.008435000000000002,0.09391332,0.06767999
0.008440000000000001,0.09385999,0.06818666
0.008445000000000001,0.09466666,0.06675333
0.008450000000000001,0.09392666,0.06738
0.008455,0.09469333,0.06643999
0.00846,0.09471999,0.06695999
0.008465,0.09399333,0.06616666
0.00847,0.09403332,0.06634666
0.008475,0.09485333,0.06714666
0.008480000000000001,0.09418,0.06658
0.008485000000000001,0.09502,0.06804666
0.008490000000000001,0.09433333,0.06751999
0.008495,0.09525999,0.06885333
0.0085,0.09459999,0.06823999
0.008505,0.09542,0.06919333
0.00851,0.09559333,0.06860666
0.008515,0.0948,0.06970666
0.008520000000000002,0.09491999,0.06915999
0.008525000000000001,0.09571999,0.07011333
0.008530000000000001,0.09503333,0.07005999
0.008535000000000001,0.09577332,0.06924666
0.00854,0.09579999,0.06986
0.008545,0.09508666,0.06897333
0.00855,0.09582666,0.06957333
0.008555,0.09503333,0.06847999
0.00856,0.09561999,0.06910666
0.008565000000000001,0.09486666,0.06803333
0.008570000000000001,0.09553999,0.06863333
0.008575000000000001,0.09470666,0.06762666
0.00858,0.09535333,0.06816666
0.008585,0.09452,0.06716
0.00859,0.09520666,0.06767999
0.008595,0.09438666,0.06690666
0.0086,0.09507333,0.06692
0.008605000000000002,0.09424666,0.06774666
0.008610000000000001,0.09487999,0.06711999
0.008615000000000001,0.09408666,0.06828
0.008620000000000001,0.09477333,0.06769333
0.008625,0.09399333,0.06845333
0.00863,0.09466666,0.06849333
0.008635,0.09391332,0.06754666
0.00864,0.09385999,0.06812666
0.008645,0.09463999,0.06672666
0.008650000000000001,0.09391332,0.06720666
0.008655000000000001,0.09478666,0.06631999
0.008660000000000001,0.09400666,0.06689333
0.008665,0.09474666,0.06608666
0.00867,0.09401999,0.06626666
0.008675,0.09496666,0.06698667
0.00868,0.09418,0.06645333
0.008685,0.09507333,0.06789999
0.008690000000000002,0.09433333,0.06739333
0.008695000000000001,0.09523333,0.06868666
0.008700000000000001,0.09458666,0.06807332
0.008705000000000001,0.09544666,0.06903999
0.00871,0.09477333,0.06851333
0.008715,0.09563333,0.06957333
0.00872,0.09490666,0.069
0.008725,0.09571999,0.06995333
0.00873,0.09500666,0.06988666
0.008735000000000001,0.09578666,0.069
0.008740000000000001,0.09503333,0.06961333
0.008745000000000001,0.09582666,0.06863333
0.00875,0.09582666,0.06920666
0.008755,0.09494666,0.06815333
0.00876,0.09567999,0.06872666
0.008765,0.09483999,0.06754666
0.00877,0.09559333,0.06821333
0.008775000000000002,0.09473333,0.06721999
0.008780000000000001,0.09539333,0.06776
0.008785000000000001,0.09455999,0.06672666
0.008790000000000001,0.09527332,0.06738
0.008795,0.09441333,0.06660666
0.0088,0.09509999,0.06658
0.008805,0.09423333,0.06736666
0.00881,0.09490666,0.06675333
0.008815,0.09409999,0.06787333
0.008820000000000001,0.09397999,0.06736666
0.008825000000000001,0.09481332,0.06811333
0.008830000000000001,0.09468,0.06816666
0.008835,0.09385999,0.06731333
0.00884,0.09383333,0.06789999
0.008845,0.09462666,0.06654
0.00885,0.09388666,0.06709333
0.008855,0.09471999,0.06611333
0.008860000000000002,0.09393999,0.06663333
0.008865000000000001,0.09477333,0.06587333
0.008870000000000001,0.09396666,0.06597999
0.008875000000000001,0.09485333,0.06675333
0.00888,0.09413999,0.0662
0.008885,0.09503333,0.06765333
0.00889,0.09437332,0.06710666
0.008895,0.09528666,0.06847999
0.0089,0.09461333,0.06789999
0.008905000000000001,0.09549999,0.06890666
0.008910000000000001,0.09478666,0.06833333
0.008915000000000001,0.09560666,0.06955999
0.00892,0.09489333,0.06896
0.008925,0.09570666,0.06987333
0.00893,0.09505999,0.06982666
0.008935,0.09578666,0.06886666
0.00894,0.09508666,0.06948666
0.008945000000000002,0.09587999,0.0684
0.008950000000000001,0.09579999,0.06893333
0.008955000000000001,0.09499332,0.06785999
0.008960000000000001,0.09565333,0.06847999
0.008965,0.09487999,0.06739333
0.00897,0.09559333,0.06799333
0.008975,0.09470666,0.06714666
0.00898,0.09543332,0.06766666
0.008985,0.09458666,0.06677999
0.008990000000000001,0.09523333,0.06729999
0.008995000000000001,0.09441333,0.06652666
0.009000000000000001,0.09507333,0.06660666
0.009005,0.09421999,0.06738
0.00901,0.09487999,0.06680666
0.009015,0.09407333,0.06787333
0.00902,0.09481332,0.06732666
0.009025,0.09399333,0.06818666
0.009030000000000002,0.09469333,0.06822667
0.009035000000000001,0.09392666,0.06744666
0.009040000000000001,0.09461333,0.06804666
0.009045000000000001,0.0939,0.06663333
0.00905,0.09392666,0.06716
0.009055,0.09471999,0.06625333
0.00906,0.09397999,0.06677999
0.009065,0.0948,0.06599333
0.00907,0.09404666,0.06611333
0.009075000000000001,0.09486666,0.06686666
0.009080000000000001,0.09419332,0.06631999
0.009085000000000001,0.09505999,0.06778666
0.00909,0.09435999,0.06724666
0.009095,0.09524666,0.06857999
0.0091,0.09457333,0.06796666
0.009105,0.09547333,0.06898666
0.00911,0.09477333,0.06846666
0.009115000000000002,0.09563333,0.06964
0.009120000000000001,0.09487999,0.06908
0.009125000000000001,0.09574666,0.06999333
0.009130000000000001,0.09502,0.07003333
0.009135,0.09583999,0.06901333
0.00914,0.09507333,0.06966666
0.009145,0.09582666,0.06862
0.00915,0.09582666,0.06927333
0.009155,0.09494666,0.06804666
0.009160000000000001,0.09570666,0.06864666
0.009165000000000001,0.09485333,0.06757333
0.009170000000000001,0.09558,0.06818666
0.009175,0.09474666,0.06733999
0.00918,0.09536666,0.06791333
0.009185,0.09457333,0.06698667
0.00919,0.09524666,0.06679333
0.009195,0.09441333,0.0675
0.009200000000000002,0.09508666,0.06686666
0.009205000000000001,0.09415333,0.06767999
0.009210000000000001,0.09491999,0.06710666
0.009215000000000001,0.09413999,0.06823999
0.00922,0.09473333,0.06761333
0.009225,0.09399333,0.06852666
0.00923,0.09473333,0.06846666
0.009235,0.09392666,0.06769333
0.00924,0.09471999,0.06829333
0.009245000000000001,0.0939,0.06689333
0.009250000000000001,0.09391332,0.06747333
0.009255000000000001,0.09473333,0.06641333
0.009260000000000001,0.09399333,0.06699999
0.009265,0.09478666,0.06616666
0.00927,0.09404666,0.06625333
0.009275,0.09486666,0.06702666
0.00928,0.09419332,0.06636
0.009285000000000002,0.09502,0.06798
0.009290000000000001,0.09433333,0.06742
0.009295000000000001,0.09523333,0.06869999
0.009300000000000001,0.09454666,0.06808666
0.009305,0.09542,0.06903999
0.00931,0.09481332,0.06852666
0.009315,0.09560666,0.06969333
0.00932,0.09489333,0.06913333
0.009325,0.09567999,0.07003333
0.009330000000000001,0.09500666,0.06998
0.009335000000000001,0.09578666,0.06909333
0.009340000000000001,0.09511333,0.06974666
0.009345000000000001,0.09587999,0.06879333
0.00935,0.09581333,0.06928666
0.009355,0.09499332,0.06828
0.00936,0.09569333,0.06883333
0.009365,0.09483999,0.06778666
0.009370000000000002,0.09555332,0.06837333
0.009375000000000001,0.09474666,0.06751999
0.009380000000000001,0.09543332,0.06807332
0.009385000000000001,0.09455999,0.06709333
0.00939,0.09525999,0.06767999
0.009395,0.09437332,0.06686666
0.0094,0.09509999,0.06695999
0.009405,0.09424666,0.06777333
0.00941,0.09494666,0.06714666
0.009415000000000001,0.09411333,0.06826666
0.009420000000000001,0.09481332,0.06766666
0.009425000000000001,0.09397999,0.06853999
0.009430000000000001,0.09468,0.06857999
0.009435,0.09391332,0.06779999
0.00944,0.09391332,0.06838666
0.009445,0.09468,0.06697333
0.00945,0.09392666,0.06753333
0.009455000000000002,0.09474666,0.06650666
0.009460000000000001,0.09397999,0.06708
0.009465000000000001,0.09482666,0.06625333
0.009470000000000001,0.09404666,0.06631999
0.009475,0.09486666,0.06710666
0.00948,0.09420666,0.06641333
0.009485,0.09502,0.06794
0.00949,0.09438666,0.06748666
0.009495,0.09525999,0.06875333
0.009500000000000001,0.09459999,0.06813999
0.009505000000000001,0.09545999,0.06902666
0.009510000000000001,0.09477333,0.06852666
0.009515000000000001,0.09563333,0.06964
0.00952,0.09494666,0.06915999
0.009525,0.09573333,0.06998
0.00953,0.09583999,0.06993999
0.009535,0.09502,0.06903999
0.009540000000000002,0.09511333,0.06968
0.009545000000000001,0.09585333,0.06872666
0.009550000000000001,0.09583999,0.06931332
0.009555000000000001,0.09496666,0.06816666
0.00956,0.09570666,0.06879333
0.009565,0.09487999,0.06774666
0.00957,0.09559333,0.06829333
0.009575,0.09478666,0.06742
0.00958,0.09542,0.06800666
0.009585000000000002,0.09462666,0.06701333
0.009590000000000001,0.09523333,0.06757333
0.009595000000000001,0.09445333,0.0667
0.009600000000000001,0.09512666,0.06685333
0.009605,0.09428,0.06761333
0.00961,0.09493332,0.06701333
0.009615,0.09412666,0.06807332
0.00962,0.09477333,0.06744666
0.009625000000000002,0.09399333,0.06834666
0.009630000000000001,0.09469333,0.06832
0.009635000000000001,0.09391332,0.0676
0.009640000000000001,0.09466666,0.06819999
0.009645,0.09392666,0.06688
0.00965,0.09395333,0.06742
0.009655,0.09471999,0.06643999
0.00966,0.09397999,0.06622666
0.009665,0.09483999,0.06702666
0.009670000000000002,0.09399333,0.06629333
0.009675000000000001,0.09490666,0.06710666
0.009680000000000001,0.09423333,0.06645333
0.009685000000000001,0.09505999,0.06789999
0.00969,0.09435999,0.06743333
0.009695,0.09527332,0.06875333
0.0097,0.09462666,0.06804666
0.009705,0.09549999,0.06909333
0.009710000000000002,0.09482666,0.06856667
0.009715000000000001,0.09565333,0.06970666
0.009720000000000001,0.09497999,0.06915999
0.009725000000000001,0.09576,0.07002
0.00973,0.09507333,0.06995333
0.009735,0.09579999,0.06896
0.00974,0.09511333,0.06955999
0.009745,0.09586666,0.06849333
0.00975,0.09586666,0.06906666
0.009755000000000002,0.09502,0.06803333
0.009760000000000001,0.09573333,0.06864666
0.009765000000000001,0.09491999,0.06766666
0.009770000000000001,0.09556666,0.06822667
0.009775,0.09469333,0.06745999
0.00978,0.09548666,0.06801999
0.009785,0.09462666,0.06705333
0.00979,0.09532666,0.06763999
0.009795000000000002,0.09443999,0.06679333
0.009800000000000001,0.09514,0.06688
0.009805000000000001,0.09424666,0.06774666
0.009810000000000001,0.09493332,0.06711999
0.009815,0.09413999,0.06795333
0.00982,0.09400666,0.06742
0.009825,0.0948,0.06822667
0.00983,0.09475999,0.06762666
0.009835,0.09391332,0.06835999
0.009840000000000002,0.09468,0.06822667
0.009845000000000001,0.09393999,0.06689333
0.009850000000000001,0.09396666,0.06747333
0.009855000000000001,0.09473333,0.06661999
0.00986,0.09404666,0.06717333
0.009865,0.09483999,0.06641333
0.00987,0.09408666,0.06655333
0.009875,0.09490666,0.06731333
0.009880000000000002,0.09428,0.06672666
0.009885000000000001,0.09508666,0.06812666
0.009890000000000001,0.09443999,0.0676
0.009895000000000001,0.09528666,0.06890666
0.0099,0.09466666,0.06828
0.009905,0.09551333,0.06928666
0.00991,0.09487999,0.06881999
0.009915,0.09565333,0.06992666
0.00992,0.09497999,0.06937999
0.009925000000000002,0.09579999,0.07018666
0.009930000000000001,0.09586666,0.07012666
0.009935000000000001,0.09503333,0.06913333
0.009940000000000001,0.09508666,0.06971999
0.009945,0.09592,0.06869999
0.00995,0.09586666,0.06925999
0.009955,0.09504666,0.06822667
0.00996,0.09571999,0.06890666
0.009965000000000002,0.09494666,0.06789999
0.009970000000000001,0.09561999,0.06855333
0.009975000000000001,0.09478666,0.06781333
0.009980000000000001,0.09547333,0.06842666
0.009985,0.09463999,0.06751999
0.00999,0.09532666,0.06804666
0.009995,0.09465332,0.06791333
